link_id,link_type,from_node_id,to_node_id,geometry,distance_km,distance_mile,fftt,meso_link_id,tmc,tmc_corridor_name,tmc_corridor_id,tmc_road_order,tmc_road_sequence,subarea_id,lanes_s0,lanes_s1,type_s0,type_s1,penaltys0,penaltys1,Vam_25nb_auto,Vam_25nb_bike,Vam_25nb_walk,Vam_2040_auto,Vam_2040_bike,Vam_2040_walk,Vmd_25nb_auto,Vmd_25nb_bike,Vmd_25nb_walk,Vmd_2040_auto,Vmd_2040_bike,Vmd_2040_walk,Vpm_25nb_auto,Vpm_25nb_bike,Vpm_25nb_walk,Vpm_2040_auto,Vpm_2040_bike,Vpm_2040_walk,VAB_am_25nb_auto,VAB_am_25nb_bike,VAB_am_25nb_walk,VAB_am_2040_auto,VAB_am_2040_bike,VAB_am_2040_walk,VAB_md_25nb_auto,VAB_md_25nb_bike,VAB_md_25nb_walk,VAB_md_2040_auto,VAB_md_2040_bike,VAB_md_2040_walk,VAB_pm_25nb_auto,VAB_pm_25nb_bike,VAB_pm_25nb_walk,VAB_pm_2040_auto,VAB_pm_2040_bike,VAB_pm_2040_walk,VBA_am_25nb_auto,VBA_am_25nb_bike,VBA_am_25nb_walk,VBA_am_2040_auto,VBA_am_2040_bike,VBA_am_2040_walk,VBA_md_25nb_auto,VBA_md_25nb_bike,VBA_md_25nb_walk,VBA_md_2040_auto,VBA_md_2040_bike,VBA_md_2040_walk,VBA_pm_25nb_auto,VBA_pm_25nb_bike,VBA_pm_25nb_walk,VBA_pm_2040_auto,VBA_pm_2040_bike,VBA_pm_2040_walk,block,MEUVABam25nbauto,capABam25nbauto,DOCABam25nbauto,TTABam_25nb_auto,MEUVABam25nbbike,capABam25nbbike,DOCABam25nbbike,TTABam_25nb_bike,MEUVABam25nbwalk,capABam25nbwalk,DOCABam25nbwalk,TTABam_25nb_walk,MEUVABam2040auto,capABam2040auto,DOCABam2040auto,TTABam_2040_auto,MEUVABam2040bike,capABam2040bike,DOCABam2040bike,TTABam_2040_bike,MEUVABam2040walk,capABam2040walk,DOCABam2040walk,TTABam_2040_walk,MEUVABmd25nbauto,capABmd25nbauto,DOCABmd25nbauto,TTABmd_25nb_auto,MEUVABmd25nbbike,capABmd25nbbike,DOCABmd25nbbike,TTABmd_25nb_bike,MEUVABmd25nbwalk,capABmd25nbwalk,DOCABmd25nbwalk,TTABmd_25nb_walk,MEUVABmd2040auto,capABmd2040auto,DOCABmd2040auto,TTABmd_2040_auto,MEUVABmd2040bike,capABmd2040bike,DOCABmd2040bike,TTABmd_2040_bike,MEUVABmd2040walk,capABmd2040walk,DOCABmd2040walk,TTABmd_2040_walk,MEUVABpm25nbauto,capABpm25nbauto,DOCABpm25nbauto,TTABpm_25nb_auto,MEUVABpm25nbbike,capABpm25nbbike,DOCABpm25nbbike,TTABpm_25nb_bike,MEUVABpm25nbwalk,capABpm25nbwalk,DOCABpm25nbwalk,TTABpm_25nb_walk,MEUVABpm2040auto,capABpm2040auto,DOCABpm2040auto,TTABpm_2040_auto,MEUVABpm2040bike,capABpm2040bike,DOCABpm2040bike,TTABpm_2040_bike,MEUVABpm2040walk,capABpm2040walk,DOCABpm2040walk,TTABpm_2040_walk,MEUVBAam25nbauto,capBAam25nbauto,DOCBAam25nbauto,TTBAam_25nb_auto,MEUVBAam25nbbike,capBAam25nbbike,DOCBAam25nbbike,TTBAam_25nb_bike,MEUVBAam25nbwalk,capBAam25nbwalk,DOCBAam25nbwalk,TTBAam_25nb_walk,MEUVBAam2040auto,capBAam2040auto,DOCBAam2040auto,TTBAam_2040_auto,MEUVBAam2040bike,capBAam2040bike,DOCBAam2040bike,TTBAam_2040_bike,MEUVBAam2040walk,capBAam2040walk,DOCBAam2040walk,TTBAam_2040_walk,MEUVBAmd25nbauto,capBAmd25nbauto,DOCBAmd25nbauto,TTBAmd_25nb_auto,MEUVBAmd25nbbike,capBAmd25nbbike,DOCBAmd25nbbike,TTBAmd_25nb_bike,MEUVBAmd25nbwalk,capBAmd25nbwalk,DOCBAmd25nbwalk,TTBAmd_25nb_walk,MEUVBAmd2040auto,capBAmd2040auto,DOCBAmd2040auto,TTBAmd_2040_auto,MEUVBAmd2040bike,capBAmd2040bike,DOCBAmd2040bike,TTBAmd_2040_bike,MEUVBAmd2040walk,capBAmd2040walk,DOCBAmd2040walk,TTBAmd_2040_walk,MEUVBApm25nbauto,capBApm25nbauto,DOCBApm25nbauto,TTBApm_25nb_auto,MEUVBApm25nbbike,capBApm25nbbike,DOCBApm25nbbike,TTBApm_25nb_bike,MEUVBApm25nbwalk,capBApm25nbwalk,DOCBApm25nbwalk,TTBApm_25nb_walk,MEUVBApm2040auto,capBApm2040auto,DOCBApm2040auto,TTBApm_2040_auto,MEUVBApm2040bike,capBApm2040bike,DOCBApm2040bike,TTBApm_2040_bike,MEUVBApm2040walk,capBApm2040walk,DOCBApm2040walk,TTBApm_2040_walk,
1,highway,1,2,"LINESTRING (-96.770451 43.612565, -96.711282 43.605550)",6.000000,3.729024,6.000000,-1,,network_wide,-1,0,-1,1,1.0,1.0,highway,highway,0.0,0.0,0.0,0.0,0.0,0.0,0.0,0.0,0.0,0.0,0.0,0.0,0.0,0.0,0.0,0.0,0.0,0.0,0.0,0.0,0.0,0.0,0.0,0.0,0.0,0.0,0.0,0.0,0.0,0.0,0.0,0.0,0.0,0.0,0.0,0.0,0.0,0.0,,,,,,,,,,,,,,,,,,,,0.0,0.0,0.000,0.000,0.0,0.0,0.000,0.000,0.0,0.0,0.000,0.000,0.0,0.0,0.000,0.000,0.0,0.0,0.000,0.000,0.0,0.0,0.000,0.000,0.0,0.0,0.000,0.000,0.0,0.0,0.000,0.000,0.0,0.0,0.000,0.000,0.0,0.0,0.000,0.000,0.0,0.0,0.000,0.000,0.0,0.0,0.000,0.000,0.0,0.0,0.000,0.000,0.0,0.0,0.000,0.000,0.0,0.0,0.000,0.000,0.0,0.0,0.000,0.000,0.0,0.0,0.000,0.000,0.0,0.0,0.000,0.000,,,,,,,,,,,,,,,,,,,,,,,,,,,,,,,,,,,,,,,,,,,,,,,,,,,,,,,,,,,,,,,,,,,,,,,,,
2,highway,1,3,"LINESTRING (-96.770683 43.612854, -96.774567 43.572987)",4.000000,2.486016,4.000000,-1,,network_wide,-1,0,-1,1,1.0,1.0,highway,highway,0.0,0.0,0.0,0.0,0.0,0.0,0.0,0.0,0.0,0.0,0.0,0.0,0.0,0.0,0.0,0.0,0.0,0.0,0.0,0.0,0.0,0.0,0.0,0.0,0.0,0.0,0.0,0.0,0.0,0.0,0.0,0.0,0.0,0.0,0.0,0.0,0.0,0.0,,,,,,,,,,,,,,,,,,,,0.0,0.0,0.000,0.000,0.0,0.0,0.000,0.000,0.0,0.0,0.000,0.000,0.0,0.0,0.000,0.000,0.0,0.0,0.000,0.000,0.0,0.0,0.000,0.000,0.0,0.0,0.000,0.000,0.0,0.0,0.000,0.000,0.0,0.0,0.000,0.000,0.0,0.0,0.000,0.000,0.0,0.0,0.000,0.000,0.0,0.0,0.000,0.000,0.0,0.0,0.000,0.000,0.0,0.0,0.000,0.000,0.0,0.0,0.000,0.000,0.0,0.0,0.000,0.000,0.0,0.0,0.000,0.000,0.0,0.0,0.000,0.000,,,,,,,,,,,,,,,,,,,,,,,,,,,,,,,,,,,,,,,,,,,,,,,,,,,,,,,,,,,,,,,,,,,,,,,,,
3,highway,2,1,"LINESTRING (-96.711219 43.606076, -96.770389 43.613091)",6.000000,3.729024,6.000000,-1,,network_wide,-1,0,-1,1,1.0,1.0,highway,highway,0.0,0.0,0.0,0.0,0.0,0.0,0.0,0.0,0.0,0.0,0.0,0.0,0.0,0.0,0.0,0.0,0.0,0.0,0.0,0.0,0.0,0.0,0.0,0.0,0.0,0.0,0.0,0.0,0.0,0.0,0.0,0.0,0.0,0.0,0.0,0.0,0.0,0.0,,,,,,,,,,,,,,,,,,,,0.0,0.0,0.000,0.000,0.0,0.0,0.000,0.000,0.0,0.0,0.000,0.000,0.0,0.0,0.000,0.000,0.0,0.0,0.000,0.000,0.0,0.0,0.000,0.000,0.0,0.0,0.000,0.000,0.0,0.0,0.000,0.000,0.0,0.0,0.000,0.000,0.0,0.0,0.000,0.000,0.0,0.0,0.000,0.000,0.0,0.0,0.000,0.000,0.0,0.0,0.000,0.000,0.0,0.0,0.000,0.000,0.0,0.0,0.000,0.000,0.0,0.0,0.000,0.000,0.0,0.0,0.000,0.000,0.0,0.0,0.000,0.000,,,,,,,,,,,,,,,,,,,,,,,,,,,,,,,,,,,,,,,,,,,,,,,,,,,,,,,,,,,,,,,,,,,,,,,,,
4,highway,2,6,"LINESTRING (-96.711515 43.605819, -96.711909 43.587591)",5.000000,3.107520,5.000000,-1,,network_wide,-1,0,-1,1,1.0,1.0,highway,highway,0.0,0.0,0.0,0.0,0.0,0.0,0.0,0.0,0.0,0.0,0.0,0.0,0.0,0.0,0.0,0.0,0.0,0.0,0.0,0.0,0.0,0.0,0.0,0.0,0.0,0.0,0.0,0.0,0.0,0.0,0.0,0.0,0.0,0.0,0.0,0.0,0.0,0.0,,,,,,,,,,,,,,,,,,,,0.0,0.0,0.000,0.000,0.0,0.0,0.000,0.000,0.0,0.0,0.000,0.000,0.0,0.0,0.000,0.000,0.0,0.0,0.000,0.000,0.0,0.0,0.000,0.000,0.0,0.0,0.000,0.000,0.0,0.0,0.000,0.000,0.0,0.0,0.000,0.000,0.0,0.0,0.000,0.000,0.0,0.0,0.000,0.000,0.0,0.0,0.000,0.000,0.0,0.0,0.000,0.000,0.0,0.0,0.000,0.000,0.0,0.0,0.000,0.000,0.0,0.0,0.000,0.000,0.0,0.0,0.000,0.000,0.0,0.0,0.000,0.000,,,,,,,,,,,,,,,,,,,,,,,,,,,,,,,,,,,,,,,,,,,,,,,,,,,,,,,,,,,,,,,,,,,,,,,,,
5,highway,3,1,"LINESTRING (-96.774040 43.572936, -96.770156 43.612802)",4.000000,2.486016,4.000000,-1,,network_wide,-1,0,-1,1,1.0,1.0,highway,highway,0.0,0.0,0.0,0.0,0.0,0.0,0.0,0.0,0.0,0.0,0.0,0.0,0.0,0.0,0.0,0.0,0.0,0.0,0.0,0.0,0.0,0.0,0.0,0.0,0.0,0.0,0.0,0.0,0.0,0.0,0.0,0.0,0.0,0.0,0.0,0.0,0.0,0.0,,,,,,,,,,,,,,,,,,,,0.0,0.0,0.000,0.000,0.0,0.0,0.000,0.000,0.0,0.0,0.000,0.000,0.0,0.0,0.000,0.000,0.0,0.0,0.000,0.000,0.0,0.0,0.000,0.000,0.0,0.0,0.000,0.000,0.0,0.0,0.000,0.000,0.0,0.0,0.000,0.000,0.0,0.0,0.000,0.000,0.0,0.0,0.000,0.000,0.0,0.0,0.000,0.000,0.0,0.0,0.000,0.000,0.0,0.0,0.000,0.000,0.0,0.0,0.000,0.000,0.0,0.0,0.000,0.000,0.0,0.0,0.000,0.000,0.0,0.0,0.000,0.000,,,,,,,,,,,,,,,,,,,,,,,,,,,,,,,,,,,,,,,,,,,,,,,,,,,,,,,,,,,,,,,,,,,,,,,,,
6,highway,3,4,"LINESTRING (-96.774389 43.572711, -96.747254 43.563403)",4.000000,2.486016,4.000000,-1,,network_wide,-1,0,-1,1,1.0,1.0,highway,highway,0.0,0.0,0.0,0.0,0.0,0.0,0.0,0.0,0.0,0.0,0.0,0.0,0.0,0.0,0.0,0.0,0.0,0.0,0.0,0.0,0.0,0.0,0.0,0.0,0.0,0.0,0.0,0.0,0.0,0.0,0.0,0.0,0.0,0.0,0.0,0.0,0.0,0.0,,,,,,,,,,,,,,,,,,,,0.0,0.0,0.000,0.000,0.0,0.0,0.000,0.000,0.0,0.0,0.000,0.000,0.0,0.0,0.000,0.000,0.0,0.0,0.000,0.000,0.0,0.0,0.000,0.000,0.0,0.0,0.000,0.000,0.0,0.0,0.000,0.000,0.0,0.0,0.000,0.000,0.0,0.0,0.000,0.000,0.0,0.0,0.000,0.000,0.0,0.0,0.000,0.000,0.0,0.0,0.000,0.000,0.0,0.0,0.000,0.000,0.0,0.0,0.000,0.000,0.0,0.0,0.000,0.000,0.0,0.0,0.000,0.000,0.0,0.0,0.000,0.000,,,,,,,,,,,,,,,,,,,,,,,,,,,,,,,,,,,,,,,,,,,,,,,,,,,,,,,,,,,,,,,,,,,,,,,,,
7,highway,3,12,"LINESTRING (-96.774563 43.573014, -96.780396 43.543993)",4.000000,2.486016,4.000000,-1,,network_wide,-1,0,-1,1,1.0,1.0,highway,highway,0.0,0.0,0.0,0.0,0.0,0.0,0.0,0.0,0.0,0.0,0.0,0.0,0.0,0.0,0.0,0.0,0.0,0.0,0.0,0.0,0.0,0.0,0.0,0.0,0.0,0.0,0.0,0.0,0.0,0.0,0.0,0.0,0.0,0.0,0.0,0.0,0.0,0.0,,,,,,,,,,,,,,,,,,,,0.0,0.0,0.000,0.000,0.0,0.0,0.000,0.000,0.0,0.0,0.000,0.000,0.0,0.0,0.000,0.000,0.0,0.0,0.000,0.000,0.0,0.0,0.000,0.000,0.0,0.0,0.000,0.000,0.0,0.0,0.000,0.000,0.0,0.0,0.000,0.000,0.0,0.0,0.000,0.000,0.0,0.0,0.000,0.000,0.0,0.0,0.000,0.000,0.0,0.0,0.000,0.000,0.0,0.0,0.000,0.000,0.0,0.0,0.000,0.000,0.0,0.0,0.000,0.000,0.0,0.0,0.000,0.000,0.0,0.0,0.000,0.000,,,,,,,,,,,,,,,,,,,,,,,,,,,,,,,,,,,,,,,,,,,,,,,,,,,,,,,,,,,,,,,,,,,,,,,,,
8,highway,4,3,"LINESTRING (-96.747083 43.563904, -96.774217 43.573212)",4.000000,2.486016,4.000000,-1,,network_wide,-1,0,-1,1,1.0,1.0,highway,highway,0.0,0.0,0.0,0.0,0.0,0.0,0.0,0.0,0.0,0.0,0.0,0.0,0.0,0.0,0.0,0.0,0.0,0.0,0.0,0.0,0.0,0.0,0.0,0.0,0.0,0.0,0.0,0.0,0.0,0.0,0.0,0.0,0.0,0.0,0.0,0.0,0.0,0.0,,,,,,,,,,,,,,,,,,,,0.0,0.0,0.000,0.000,0.0,0.0,0.000,0.000,0.0,0.0,0.000,0.000,0.0,0.0,0.000,0.000,0.0,0.0,0.000,0.000,0.0,0.0,0.000,0.000,0.0,0.0,0.000,0.000,0.0,0.0,0.000,0.000,0.0,0.0,0.000,0.000,0.0,0.0,0.000,0.000,0.0,0.0,0.000,0.000,0.0,0.0,0.000,0.000,0.0,0.0,0.000,0.000,0.0,0.0,0.000,0.000,0.0,0.0,0.000,0.000,0.0,0.0,0.000,0.000,0.0,0.0,0.000,0.000,0.0,0.0,0.000,0.000,,,,,,,,,,,,,,,,,,,,,,,,,,,,,,,,,,,,,,,,,,,,,,,,,,,,,,,,,,,,,,,,,,,,,,,,,
9,highway,4,5,"LINESTRING (-96.747162 43.563389, -96.731563 43.563769)",2.000000,1.243008,2.000000,-1,,network_wide,-1,0,-1,1,1.0,1.0,highway,highway,0.0,0.0,0.0,0.0,0.0,0.0,0.0,0.0,0.0,0.0,0.0,0.0,0.0,0.0,0.0,0.0,0.0,0.0,0.0,0.0,0.0,0.0,0.0,0.0,0.0,0.0,0.0,0.0,0.0,0.0,0.0,0.0,0.0,0.0,0.0,0.0,0.0,0.0,,,,,,,,,,,,,,,,,,,,0.0,0.0,0.000,0.000,0.0,0.0,0.000,0.000,0.0,0.0,0.000,0.000,0.0,0.0,0.000,0.000,0.0,0.0,0.000,0.000,0.0,0.0,0.000,0.000,0.0,0.0,0.000,0.000,0.0,0.0,0.000,0.000,0.0,0.0,0.000,0.000,0.0,0.0,0.000,0.000,0.0,0.0,0.000,0.000,0.0,0.0,0.000,0.000,0.0,0.0,0.000,0.000,0.0,0.0,0.000,0.000,0.0,0.0,0.000,0.000,0.0,0.0,0.000,0.000,0.0,0.0,0.000,0.000,0.0,0.0,0.000,0.000,,,,,,,,,,,,,,,,,,,,,,,,,,,,,,,,,,,,,,,,,,,,,,,,,,,,,,,,,,,,,,,,,,,,,,,,,
10,highway,4,11,"LINESTRING (-96.747433 43.563649, -96.747105 43.544126)",6.000000,3.729024,6.000000,-1,,network_wide,-1,0,-1,1,1.0,1.0,highway,highway,0.0,0.0,0.0,0.0,0.0,0.0,0.0,0.0,0.0,0.0,0.0,0.0,0.0,0.0,0.0,0.0,0.0,0.0,0.0,0.0,0.0,0.0,0.0,0.0,0.0,0.0,0.0,0.0,0.0,0.0,0.0,0.0,0.0,0.0,0.0,0.0,0.0,0.0,,,,,,,,,,,,,,,,,,,,0.0,0.0,0.000,0.000,0.0,0.0,0.000,0.000,0.0,0.0,0.000,0.000,0.0,0.0,0.000,0.000,0.0,0.0,0.000,0.000,0.0,0.0,0.000,0.000,0.0,0.0,0.000,0.000,0.0,0.0,0.000,0.000,0.0,0.0,0.000,0.000,0.0,0.0,0.000,0.000,0.0,0.0,0.000,0.000,0.0,0.0,0.000,0.000,0.0,0.0,0.000,0.000,0.0,0.0,0.000,0.000,0.0,0.0,0.000,0.000,0.0,0.0,0.000,0.000,0.0,0.0,0.000,0.000,0.0,0.0,0.000,0.000,,,,,,,,,,,,,,,,,,,,,,,,,,,,,,,,,,,,,,,,,,,,,,,,,,,,,,,,,,,,,,,,,,,,,,,,,
11,highway,5,4,"LINESTRING (-96.731576 43.564298, -96.747175 43.563918)",2.000000,1.243008,2.000000,-1,,network_wide,-1,0,-1,1,1.0,1.0,highway,highway,0.0,0.0,0.0,0.0,0.0,0.0,0.0,0.0,0.0,0.0,0.0,0.0,0.0,0.0,0.0,0.0,0.0,0.0,0.0,0.0,0.0,0.0,0.0,0.0,0.0,0.0,0.0,0.0,0.0,0.0,0.0,0.0,0.0,0.0,0.0,0.0,0.0,0.0,,,,,,,,,,,,,,,,,,,,0.0,0.0,0.000,0.000,0.0,0.0,0.000,0.000,0.0,0.0,0.000,0.000,0.0,0.0,0.000,0.000,0.0,0.0,0.000,0.000,0.0,0.0,0.000,0.000,0.0,0.0,0.000,0.000,0.0,0.0,0.000,0.000,0.0,0.0,0.000,0.000,0.0,0.0,0.000,0.000,0.0,0.0,0.000,0.000,0.0,0.0,0.000,0.000,0.0,0.0,0.000,0.000,0.0,0.0,0.000,0.000,0.0,0.0,0.000,0.000,0.0,0.0,0.000,0.000,0.0,0.0,0.000,0.000,0.0,0.0,0.000,0.000,,,,,,,,,,,,,,,,,,,,,,,,,,,,,,,,,,,,,,,,,,,,,,,,,,,,,,,,,,,,,,,,,,,,,,,,,
12,highway,5,6,"LINESTRING (-96.731367 43.563863, -96.711442 43.587414)",4.000000,2.486016,4.000000,-1,,network_wide,-1,0,-1,1,1.0,1.0,highway,highway,0.0,0.0,0.0,0.0,0.0,0.0,0.0,0.0,0.0,0.0,0.0,0.0,0.0,0.0,0.0,0.0,0.0,0.0,0.0,0.0,0.0,0.0,0.0,0.0,0.0,0.0,0.0,0.0,0.0,0.0,0.0,0.0,0.0,0.0,0.0,0.0,0.0,0.0,,,,,,,,,,,,,,,,,,,,0.0,0.0,0.000,0.000,0.0,0.0,0.000,0.000,0.0,0.0,0.000,0.000,0.0,0.0,0.000,0.000,0.0,0.0,0.000,0.000,0.0,0.0,0.000,0.000,0.0,0.0,0.000,0.000,0.0,0.0,0.000,0.000,0.0,0.0,0.000,0.000,0.0,0.0,0.000,0.000,0.0,0.0,0.000,0.000,0.0,0.0,0.000,0.000,0.0,0.0,0.000,0.000,0.0,0.0,0.000,0.000,0.0,0.0,0.000,0.000,0.0,0.0,0.000,0.000,0.0,0.0,0.000,0.000,0.0,0.0,0.000,0.000,,,,,,,,,,,,,,,,,,,,,,,,,,,,,,,,,,,,,,,,,,,,,,,,,,,,,,,,,,,,,,,,,,,,,,,,,
13,highway,5,9,"LINESTRING (-96.731834 43.564028, -96.731506 43.548591)",5.000000,3.107520,5.000000,-1,,network_wide,-1,0,-1,1,1.0,1.0,highway,highway,0.0,0.0,0.0,0.0,0.0,0.0,0.0,0.0,0.0,0.0,0.0,0.0,0.0,0.0,0.0,0.0,0.0,0.0,0.0,0.0,0.0,0.0,0.0,0.0,0.0,0.0,0.0,0.0,0.0,0.0,0.0,0.0,0.0,0.0,0.0,0.0,0.0,0.0,,,,,,,,,,,,,,,,,,,,0.0,0.0,0.000,0.000,0.0,0.0,0.000,0.000,0.0,0.0,0.000,0.000,0.0,0.0,0.000,0.000,0.0,0.0,0.000,0.000,0.0,0.0,0.000,0.000,0.0,0.0,0.000,0.000,0.0,0.0,0.000,0.000,0.0,0.0,0.000,0.000,0.0,0.0,0.000,0.000,0.0,0.0,0.000,0.000,0.0,0.0,0.000,0.000,0.0,0.0,0.000,0.000,0.0,0.0,0.000,0.000,0.0,0.0,0.000,0.000,0.0,0.0,0.000,0.000,0.0,0.0,0.000,0.000,0.0,0.0,0.000,0.000,,,,,,,,,,,,,,,,,,,,,,,,,,,,,,,,,,,,,,,,,,,,,,,,,,,,,,,,,,,,,,,,,,,,,,,,,
14,highway,6,2,"LINESTRING (-96.711379 43.587580, -96.710986 43.605807)",5.000000,3.107520,5.000000,-1,,network_wide,-1,0,-1,1,1.0,1.0,highway,highway,0.0,0.0,0.0,0.0,0.0,0.0,0.0,0.0,0.0,0.0,0.0,0.0,0.0,0.0,0.0,0.0,0.0,0.0,0.0,0.0,0.0,0.0,0.0,0.0,0.0,0.0,0.0,0.0,0.0,0.0,0.0,0.0,0.0,0.0,0.0,0.0,0.0,0.0,,,,,,,,,,,,,,,,,,,,0.0,0.0,0.000,0.000,0.0,0.0,0.000,0.000,0.0,0.0,0.000,0.000,0.0,0.0,0.000,0.000,0.0,0.0,0.000,0.000,0.0,0.0,0.000,0.000,0.0,0.0,0.000,0.000,0.0,0.0,0.000,0.000,0.0,0.0,0.000,0.000,0.0,0.0,0.000,0.000,0.0,0.0,0.000,0.000,0.0,0.0,0.000,0.000,0.0,0.0,0.000,0.000,0.0,0.0,0.000,0.000,0.0,0.0,0.000,0.000,0.0,0.0,0.000,0.000,0.0,0.0,0.000,0.000,0.0,0.0,0.000,0.000,,,,,,,,,,,,,,,,,,,,,,,,,,,,,,,,,,,,,,,,,,,,,,,,,,,,,,,,,,,,,,,,,,,,,,,,,
15,highway,6,5,"LINESTRING (-96.711846 43.587757, -96.731771 43.564205)",4.000000,2.486016,4.000000,-1,,network_wide,-1,0,-1,1,1.0,1.0,highway,highway,0.0,0.0,0.0,0.0,0.0,0.0,0.0,0.0,0.0,0.0,0.0,0.0,0.0,0.0,0.0,0.0,0.0,0.0,0.0,0.0,0.0,0.0,0.0,0.0,0.0,0.0,0.0,0.0,0.0,0.0,0.0,0.0,0.0,0.0,0.0,0.0,0.0,0.0,,,,,,,,,,,,,,,,,,,,0.0,0.0,0.000,0.000,0.0,0.0,0.000,0.000,0.0,0.0,0.000,0.000,0.0,0.0,0.000,0.000,0.0,0.0,0.000,0.000,0.0,0.0,0.000,0.000,0.0,0.0,0.000,0.000,0.0,0.0,0.000,0.000,0.0,0.0,0.000,0.000,0.0,0.0,0.000,0.000,0.0,0.0,0.000,0.000,0.0,0.0,0.000,0.000,0.0,0.0,0.000,0.000,0.0,0.0,0.000,0.000,0.0,0.0,0.000,0.000,0.0,0.0,0.000,0.000,0.0,0.0,0.000,0.000,0.0,0.0,0.000,0.000,,,,,,,,,,,,,,,,,,,,,,,,,,,,,,,,,,,,,,,,,,,,,,,,,,,,,,,,,,,,,,,,,,,,,,,,,
16,highway,6,8,"LINESTRING (-96.711909 43.587583, -96.711647 43.562321)",2.000000,1.243008,2.000000,-1,,network_wide,-1,0,-1,1,1.0,1.0,highway,highway,0.0,0.0,0.0,0.0,0.0,0.0,0.0,0.0,0.0,0.0,0.0,0.0,0.0,0.0,0.0,0.0,0.0,0.0,0.0,0.0,0.0,0.0,0.0,0.0,0.0,0.0,0.0,0.0,0.0,0.0,0.0,0.0,0.0,0.0,0.0,0.0,0.0,0.0,,,,,,,,,,,,,,,,,,,,0.0,0.0,0.000,0.000,0.0,0.0,0.000,0.000,0.0,0.0,0.000,0.000,0.0,0.0,0.000,0.000,0.0,0.0,0.000,0.000,0.0,0.0,0.000,0.000,0.0,0.0,0.000,0.000,0.0,0.0,0.000,0.000,0.0,0.0,0.000,0.000,0.0,0.0,0.000,0.000,0.0,0.0,0.000,0.000,0.0,0.0,0.000,0.000,0.0,0.0,0.000,0.000,0.0,0.0,0.000,0.000,0.0,0.0,0.000,0.000,0.0,0.0,0.000,0.000,0.0,0.0,0.000,0.000,0.0,0.0,0.000,0.000,,,,,,,,,,,,,,,,,,,,,,,,,,,,,,,,,,,,,,,,,,,,,,,,,,,,,,,,,,,,,,,,,,,,,,,,,
17,highway,7,8,"LINESTRING (-96.693445 43.564107, -96.711404 43.562588)",3.000000,1.864512,3.000000,-1,,network_wide,-1,0,-1,1,1.0,1.0,highway,highway,0.0,0.0,0.0,0.0,0.0,0.0,0.0,0.0,0.0,0.0,0.0,0.0,0.0,0.0,0.0,0.0,0.0,0.0,0.0,0.0,0.0,0.0,0.0,0.0,0.0,0.0,0.0,0.0,0.0,0.0,0.0,0.0,0.0,0.0,0.0,0.0,0.0,0.0,,,,,,,,,,,,,,,,,,,,0.0,0.0,0.000,0.000,0.0,0.0,0.000,0.000,0.0,0.0,0.000,0.000,0.0,0.0,0.000,0.000,0.0,0.0,0.000,0.000,0.0,0.0,0.000,0.000,0.0,0.0,0.000,0.000,0.0,0.0,0.000,0.000,0.0,0.0,0.000,0.000,0.0,0.0,0.000,0.000,0.0,0.0,0.000,0.000,0.0,0.0,0.000,0.000,0.0,0.0,0.000,0.000,0.0,0.0,0.000,0.000,0.0,0.0,0.000,0.000,0.0,0.0,0.000,0.000,0.0,0.0,0.000,0.000,0.0,0.0,0.000,0.000,,,,,,,,,,,,,,,,,,,,,,,,,,,,,,,,,,,,,,,,,,,,,,,,,,,,,,,,,,,,,,,,,,,,,,,,,
18,highway,7,18,"LINESTRING (-96.693687 43.563854, -96.694343 43.546754)",2.000000,1.243008,2.000000,-1,,network_wide,-1,0,-1,1,1.0,1.0,highway,highway,0.0,0.0,0.0,0.0,0.0,0.0,0.0,0.0,0.0,0.0,0.0,0.0,0.0,0.0,0.0,0.0,0.0,0.0,0.0,0.0,0.0,0.0,0.0,0.0,0.0,0.0,0.0,0.0,0.0,0.0,0.0,0.0,0.0,0.0,0.0,0.0,0.0,0.0,,,,,,,,,,,,,,,,,,,,0.0,0.0,0.000,0.000,0.0,0.0,0.000,0.000,0.0,0.0,0.000,0.000,0.0,0.0,0.000,0.000,0.0,0.0,0.000,0.000,0.0,0.0,0.000,0.000,0.0,0.0,0.000,0.000,0.0,0.0,0.000,0.000,0.0,0.0,0.000,0.000,0.0,0.0,0.000,0.000,0.0,0.0,0.000,0.000,0.0,0.0,0.000,0.000,0.0,0.0,0.000,0.000,0.0,0.0,0.000,0.000,0.0,0.0,0.000,0.000,0.0,0.0,0.000,0.000,0.0,0.0,0.000,0.000,0.0,0.0,0.000,0.000,,,,,,,,,,,,,,,,,,,,,,,,,,,,,,,,,,,,,,,,,,,,,,,,,,,,,,,,,,,,,,,,,,,,,,,,,
19,highway,8,6,"LINESTRING (-96.711117 43.562327, -96.711379 43.587588)",2.000000,1.243008,2.000000,-1,,network_wide,-1,0,-1,1,1.0,1.0,highway,highway,0.0,0.0,0.0,0.0,0.0,0.0,0.0,0.0,0.0,0.0,0.0,0.0,0.0,0.0,0.0,0.0,0.0,0.0,0.0,0.0,0.0,0.0,0.0,0.0,0.0,0.0,0.0,0.0,0.0,0.0,0.0,0.0,0.0,0.0,0.0,0.0,0.0,0.0,,,,,,,,,,,,,,,,,,,,0.0,0.0,0.000,0.000,0.0,0.0,0.000,0.000,0.0,0.0,0.000,0.000,0.0,0.0,0.000,0.000,0.0,0.0,0.000,0.000,0.0,0.0,0.000,0.000,0.0,0.0,0.000,0.000,0.0,0.0,0.000,0.000,0.0,0.0,0.000,0.000,0.0,0.0,0.000,0.000,0.0,0.0,0.000,0.000,0.0,0.0,0.000,0.000,0.0,0.0,0.000,0.000,0.0,0.0,0.000,0.000,0.0,0.0,0.000,0.000,0.0,0.0,0.000,0.000,0.0,0.0,0.000,0.000,0.0,0.0,0.000,0.000,,,,,,,,,,,,,,,,,,,,,,,,,,,,,,,,,,,,,,,,,,,,,,,,,,,,,,,,,,,,,,,,,,,,,,,,,
20,highway,8,7,"LINESTRING (-96.711359 43.562060, -96.693400 43.563580)",3.000000,1.864512,3.000000,-1,,network_wide,-1,0,-1,1,1.0,1.0,highway,highway,0.0,0.0,0.0,0.0,0.0,0.0,0.0,0.0,0.0,0.0,0.0,0.0,0.0,0.0,0.0,0.0,0.0,0.0,0.0,0.0,0.0,0.0,0.0,0.0,0.0,0.0,0.0,0.0,0.0,0.0,0.0,0.0,0.0,0.0,0.0,0.0,0.0,0.0,,,,,,,,,,,,,,,,,,,,0.0,0.0,0.000,0.000,0.0,0.0,0.000,0.000,0.0,0.0,0.000,0.000,0.0,0.0,0.000,0.000,0.0,0.0,0.000,0.000,0.0,0.0,0.000,0.000,0.0,0.0,0.000,0.000,0.0,0.0,0.000,0.000,0.0,0.0,0.000,0.000,0.0,0.0,0.000,0.000,0.0,0.0,0.000,0.000,0.0,0.0,0.000,0.000,0.0,0.0,0.000,0.000,0.0,0.0,0.000,0.000,0.0,0.0,0.000,0.000,0.0,0.0,0.000,0.000,0.0,0.0,0.000,0.000,0.0,0.0,0.000,0.000,,,,,,,,,,,,,,,,,,,,,,,,,,,,,,,,,,,,,,,,,,,,,,,,,,,,,,,,,,,,,,,,,,,,,,,,,
21,highway,8,9,"LINESTRING (-96.711532 43.562542, -96.731392 43.548814)",10.000000,6.215040,10.000000,-1,,network_wide,-1,0,-1,1,1.0,1.0,highway,highway,0.0,0.0,0.0,0.0,0.0,0.0,0.0,0.0,0.0,0.0,0.0,0.0,0.0,0.0,0.0,0.0,0.0,0.0,0.0,0.0,0.0,0.0,0.0,0.0,0.0,0.0,0.0,0.0,0.0,0.0,0.0,0.0,0.0,0.0,0.0,0.0,0.0,0.0,,,,,,,,,,,,,,,,,,,,0.0,0.0,0.000,0.000,0.0,0.0,0.000,0.000,0.0,0.0,0.000,0.000,0.0,0.0,0.000,0.000,0.0,0.0,0.000,0.000,0.0,0.0,0.000,0.000,0.0,0.0,0.000,0.000,0.0,0.0,0.000,0.000,0.0,0.0,0.000,0.000,0.0,0.0,0.000,0.000,0.0,0.0,0.000,0.000,0.0,0.0,0.000,0.000,0.0,0.0,0.000,0.000,0.0,0.0,0.000,0.000,0.0,0.0,0.000,0.000,0.0,0.0,0.000,0.000,0.0,0.0,0.000,0.000,0.0,0.0,0.000,0.000,,,,,,,,,,,,,,,,,,,,,,,,,,,,,,,,,,,,,,,,,,,,,,,,,,,,,,,,,,,,,,,,,,,,,,,,,
22,highway,8,16,"LINESTRING (-96.711647 43.562324, -96.711647 43.546744)",5.000000,3.107520,5.000000,-1,,network_wide,-1,0,-1,1,1.0,1.0,highway,highway,0.0,0.0,0.0,0.0,0.0,0.0,0.0,0.0,0.0,0.0,0.0,0.0,0.0,0.0,0.0,0.0,0.0,0.0,0.0,0.0,0.0,0.0,0.0,0.0,0.0,0.0,0.0,0.0,0.0,0.0,0.0,0.0,0.0,0.0,0.0,0.0,0.0,0.0,,,,,,,,,,,,,,,,,,,,0.0,0.0,0.000,0.000,0.0,0.0,0.000,0.000,0.0,0.0,0.000,0.000,0.0,0.0,0.000,0.000,0.0,0.0,0.000,0.000,0.0,0.0,0.000,0.000,0.0,0.0,0.000,0.000,0.0,0.0,0.000,0.000,0.0,0.0,0.000,0.000,0.0,0.0,0.000,0.000,0.0,0.0,0.000,0.000,0.0,0.0,0.000,0.000,0.0,0.0,0.000,0.000,0.0,0.0,0.000,0.000,0.0,0.0,0.000,0.000,0.0,0.0,0.000,0.000,0.0,0.0,0.000,0.000,0.0,0.0,0.000,0.000,,,,,,,,,,,,,,,,,,,,,,,,,,,,,,,,,,,,,,,,,,,,,,,,,,,,,,,,,,,,,,,,,,,,,,,,,
23,highway,9,5,"LINESTRING (-96.730977 43.548602, -96.731304 43.564039)",5.000000,3.107520,5.000000,-1,,network_wide,-1,0,-1,1,1.0,1.0,highway,highway,0.0,0.0,0.0,0.0,0.0,0.0,0.0,0.0,0.0,0.0,0.0,0.0,0.0,0.0,0.0,0.0,0.0,0.0,0.0,0.0,0.0,0.0,0.0,0.0,0.0,0.0,0.0,0.0,0.0,0.0,0.0,0.0,0.0,0.0,0.0,0.0,0.0,0.0,,,,,,,,,,,,,,,,,,,,0.0,0.0,0.000,0.000,0.0,0.0,0.000,0.000,0.0,0.0,0.000,0.000,0.0,0.0,0.000,0.000,0.0,0.0,0.000,0.000,0.0,0.0,0.000,0.000,0.0,0.0,0.000,0.000,0.0,0.0,0.000,0.000,0.0,0.0,0.000,0.000,0.0,0.0,0.000,0.000,0.0,0.0,0.000,0.000,0.0,0.0,0.000,0.000,0.0,0.0,0.000,0.000,0.0,0.0,0.000,0.000,0.0,0.0,0.000,0.000,0.0,0.0,0.000,0.000,0.0,0.0,0.000,0.000,0.0,0.0,0.000,0.000,,,,,,,,,,,,,,,,,,,,,,,,,,,,,,,,,,,,,,,,,,,,,,,,,,,,,,,,,,,,,,,,,,,,,,,,,
24,highway,9,8,"LINESTRING (-96.731091 43.548379, -96.711231 43.562106)",10.000000,6.215040,10.000000,-1,,network_wide,-1,0,-1,1,1.0,1.0,highway,highway,0.0,0.0,0.0,0.0,0.0,0.0,0.0,0.0,0.0,0.0,0.0,0.0,0.0,0.0,0.0,0.0,0.0,0.0,0.0,0.0,0.0,0.0,0.0,0.0,0.0,0.0,0.0,0.0,0.0,0.0,0.0,0.0,0.0,0.0,0.0,0.0,0.0,0.0,,,,,,,,,,,,,,,,,,,,0.0,0.0,0.000,0.000,0.0,0.0,0.000,0.000,0.0,0.0,0.000,0.000,0.0,0.0,0.000,0.000,0.0,0.0,0.000,0.000,0.0,0.0,0.000,0.000,0.0,0.0,0.000,0.000,0.0,0.0,0.000,0.000,0.0,0.0,0.000,0.000,0.0,0.0,0.000,0.000,0.0,0.0,0.000,0.000,0.0,0.0,0.000,0.000,0.0,0.0,0.000,0.000,0.0,0.0,0.000,0.000,0.0,0.0,0.000,0.000,0.0,0.0,0.000,0.000,0.0,0.0,0.000,0.000,0.0,0.0,0.000,0.000,,,,,,,,,,,,,,,,,,,,,,,,,,,,,,,,,,,,,,,,,,,,,,,,,,,,,,,,,,,,,,,,,,,,,,,,,
25,highway,9,10,"LINESTRING (-96.731506 43.548612, -96.731702 43.545287)",3.000000,1.864512,3.000000,-1,,network_wide,-1,0,-1,1,1.0,1.0,highway,highway,0.0,0.0,0.0,0.0,0.0,0.0,0.0,0.0,0.0,0.0,0.0,0.0,0.0,0.0,0.0,0.0,0.0,0.0,0.0,0.0,0.0,0.0,0.0,0.0,0.0,0.0,0.0,0.0,0.0,0.0,0.0,0.0,0.0,0.0,0.0,0.0,0.0,0.0,,,,,,,,,,,,,,,,,,,,0.0,0.0,0.000,0.000,0.0,0.0,0.000,0.000,0.0,0.0,0.000,0.000,0.0,0.0,0.000,0.000,0.0,0.0,0.000,0.000,0.0,0.0,0.000,0.000,0.0,0.0,0.000,0.000,0.0,0.0,0.000,0.000,0.0,0.0,0.000,0.000,0.0,0.0,0.000,0.000,0.0,0.0,0.000,0.000,0.0,0.0,0.000,0.000,0.0,0.0,0.000,0.000,0.0,0.0,0.000,0.000,0.0,0.0,0.000,0.000,0.0,0.0,0.000,0.000,0.0,0.0,0.000,0.000,0.0,0.0,0.000,0.000,,,,,,,,,,,,,,,,,,,,,,,,,,,,,,,,,,,,,,,,,,,,,,,,,,,,,,,,,,,,,,,,,,,,,,,,,
26,highway,10,9,"LINESTRING (-96.731174 43.545255, -96.730977 43.548581)",3.000000,1.864512,3.000000,-1,,network_wide,-1,0,-1,1,1.0,1.0,highway,highway,0.0,0.0,0.0,0.0,0.0,0.0,0.0,0.0,0.0,0.0,0.0,0.0,0.0,0.0,0.0,0.0,0.0,0.0,0.0,0.0,0.0,0.0,0.0,0.0,0.0,0.0,0.0,0.0,0.0,0.0,0.0,0.0,0.0,0.0,0.0,0.0,0.0,0.0,,,,,,,,,,,,,,,,,,,,0.0,0.0,0.000,0.000,0.0,0.0,0.000,0.000,0.0,0.0,0.000,0.000,0.0,0.0,0.000,0.000,0.0,0.0,0.000,0.000,0.0,0.0,0.000,0.000,0.0,0.0,0.000,0.000,0.0,0.0,0.000,0.000,0.0,0.0,0.000,0.000,0.0,0.0,0.000,0.000,0.0,0.0,0.000,0.000,0.0,0.0,0.000,0.000,0.0,0.0,0.000,0.000,0.0,0.0,0.000,0.000,0.0,0.0,0.000,0.000,0.0,0.0,0.000,0.000,0.0,0.0,0.000,0.000,0.0,0.0,0.000,0.000,,,,,,,,,,,,,,,,,,,,,,,,,,,,,,,,,,,,,,,,,,,,,,,,,,,,,,,,,,,,,,,,,,,,,,,,,
27,highway,10,11,"LINESTRING (-96.731458 43.545535, -96.746860 43.544395)",5.000000,3.107520,5.000000,-1,,network_wide,-1,0,-1,1,1.0,1.0,highway,highway,0.0,0.0,0.0,0.0,0.0,0.0,0.0,0.0,0.0,0.0,0.0,0.0,0.0,0.0,0.0,0.0,0.0,0.0,0.0,0.0,0.0,0.0,0.0,0.0,0.0,0.0,0.0,0.0,0.0,0.0,0.0,0.0,0.0,0.0,0.0,0.0,0.0,0.0,,,,,,,,,,,,,,,,,,,,0.0,0.0,0.000,0.000,0.0,0.0,0.000,0.000,0.0,0.0,0.000,0.000,0.0,0.0,0.000,0.000,0.0,0.0,0.000,0.000,0.0,0.0,0.000,0.000,0.0,0.0,0.000,0.000,0.0,0.0,0.000,0.000,0.0,0.0,0.000,0.000,0.0,0.0,0.000,0.000,0.0,0.0,0.000,0.000,0.0,0.0,0.000,0.000,0.0,0.0,0.000,0.000,0.0,0.0,0.000,0.000,0.0,0.0,0.000,0.000,0.0,0.0,0.000,0.000,0.0,0.0,0.000,0.000,0.0,0.0,0.000,0.000,,,,,,,,,,,,,,,,,,,,,,,,,,,,,,,,,,,,,,,,,,,,,,,,,,,,,,,,,,,,,,,,,,,,,,,,,
28,highway,10,15,"LINESTRING (-96.731703 43.545272, -96.731768 43.529402)",6.000000,3.729024,6.000000,-1,,network_wide,-1,0,-1,1,1.0,1.0,highway,highway,0.0,0.0,0.0,0.0,0.0,0.0,0.0,0.0,0.0,0.0,0.0,0.0,0.0,0.0,0.0,0.0,0.0,0.0,0.0,0.0,0.0,0.0,0.0,0.0,0.0,0.0,0.0,0.0,0.0,0.0,0.0,0.0,0.0,0.0,0.0,0.0,0.0,0.0,,,,,,,,,,,,,,,,,,,,0.0,0.0,0.000,0.000,0.0,0.0,0.000,0.000,0.0,0.0,0.000,0.000,0.0,0.0,0.000,0.000,0.0,0.0,0.000,0.000,0.0,0.0,0.000,0.000,0.0,0.0,0.000,0.000,0.0,0.0,0.000,0.000,0.0,0.0,0.000,0.000,0.0,0.0,0.000,0.000,0.0,0.0,0.000,0.000,0.0,0.0,0.000,0.000,0.0,0.0,0.000,0.000,0.0,0.0,0.000,0.000,0.0,0.0,0.000,0.000,0.0,0.0,0.000,0.000,0.0,0.0,0.000,0.000,0.0,0.0,0.000,0.000,,,,,,,,,,,,,,,,,,,,,,,,,,,,,,,,,,,,,,,,,,,,,,,,,,,,,,,,,,,,,,,,,,,,,,,,,
29,highway,10,16,"LINESTRING (-96.731419 43.545007, -96.711362 43.546480)",4.000000,2.486016,4.000000,-1,,network_wide,-1,0,-1,1,1.0,1.0,highway,highway,0.0,0.0,0.0,0.0,0.0,0.0,0.0,0.0,0.0,0.0,0.0,0.0,0.0,0.0,0.0,0.0,0.0,0.0,0.0,0.0,0.0,0.0,0.0,0.0,0.0,0.0,0.0,0.0,0.0,0.0,0.0,0.0,0.0,0.0,0.0,0.0,0.0,0.0,,,,,,,,,,,,,,,,,,,,0.0,0.0,0.000,0.000,0.0,0.0,0.000,0.000,0.0,0.0,0.000,0.000,0.0,0.0,0.000,0.000,0.0,0.0,0.000,0.000,0.0,0.0,0.000,0.000,0.0,0.0,0.000,0.000,0.0,0.0,0.000,0.000,0.0,0.0,0.000,0.000,0.0,0.0,0.000,0.000,0.0,0.0,0.000,0.000,0.0,0.0,0.000,0.000,0.0,0.0,0.000,0.000,0.0,0.0,0.000,0.000,0.0,0.0,0.000,0.000,0.0,0.0,0.000,0.000,0.0,0.0,0.000,0.000,0.0,0.0,0.000,0.000,,,,,,,,,,,,,,,,,,,,,,,,,,,,,,,,,,,,,,,,,,,,,,,,,,,,,,,,,,,,,,,,,,,,,,,,,
30,highway,10,17,"LINESTRING (-96.731490 43.545011, -96.711433 43.541020)",8.000000,4.972032,8.000000,-1,,network_wide,-1,0,-1,1,1.0,1.0,highway,highway,0.0,0.0,0.0,0.0,0.0,0.0,0.0,0.0,0.0,0.0,0.0,0.0,0.0,0.0,0.0,0.0,0.0,0.0,0.0,0.0,0.0,0.0,0.0,0.0,0.0,0.0,0.0,0.0,0.0,0.0,0.0,0.0,0.0,0.0,0.0,0.0,0.0,0.0,,,,,,,,,,,,,,,,,,,,0.0,0.0,0.000,0.000,0.0,0.0,0.000,0.000,0.0,0.0,0.000,0.000,0.0,0.0,0.000,0.000,0.0,0.0,0.000,0.000,0.0,0.0,0.000,0.000,0.0,0.0,0.000,0.000,0.0,0.0,0.000,0.000,0.0,0.0,0.000,0.000,0.0,0.0,0.000,0.000,0.0,0.0,0.000,0.000,0.0,0.0,0.000,0.000,0.0,0.0,0.000,0.000,0.0,0.0,0.000,0.000,0.0,0.0,0.000,0.000,0.0,0.0,0.000,0.000,0.0,0.0,0.000,0.000,0.0,0.0,0.000,0.000,,,,,,,,,,,,,,,,,,,,,,,,,,,,,,,,,,,,,,,,,,,,,,,,,,,,,,,,,,,,,,,,,,,,,,,,,
31,highway,11,4,"LINESTRING (-96.746576 43.544135, -96.746904 43.563658)",6.000000,3.729024,6.000000,-1,,network_wide,-1,0,-1,1,1.0,1.0,highway,highway,0.0,0.0,0.0,0.0,0.0,0.0,0.0,0.0,0.0,0.0,0.0,0.0,0.0,0.0,0.0,0.0,0.0,0.0,0.0,0.0,0.0,0.0,0.0,0.0,0.0,0.0,0.0,0.0,0.0,0.0,0.0,0.0,0.0,0.0,0.0,0.0,0.0,0.0,,,,,,,,,,,,,,,,,,,,0.0,0.0,0.000,0.000,0.0,0.0,0.000,0.000,0.0,0.0,0.000,0.000,0.0,0.0,0.000,0.000,0.0,0.0,0.000,0.000,0.0,0.0,0.000,0.000,0.0,0.0,0.000,0.000,0.0,0.0,0.000,0.000,0.0,0.0,0.000,0.000,0.0,0.0,0.000,0.000,0.0,0.0,0.000,0.000,0.0,0.0,0.000,0.000,0.0,0.0,0.000,0.000,0.0,0.0,0.000,0.000,0.0,0.0,0.000,0.000,0.0,0.0,0.000,0.000,0.0,0.0,0.000,0.000,0.0,0.0,0.000,0.000,,,,,,,,,,,,,,,,,,,,,,,,,,,,,,,,,,,,,,,,,,,,,,,,,,,,,,,,,,,,,,,,,,,,,,,,,
32,highway,11,10,"LINESTRING (-96.746821 43.543867, -96.731418 43.545007)",5.000000,3.107520,5.000000,-1,,network_wide,-1,0,-1,1,1.0,1.0,highway,highway,0.0,0.0,0.0,0.0,0.0,0.0,0.0,0.0,0.0,0.0,0.0,0.0,0.0,0.0,0.0,0.0,0.0,0.0,0.0,0.0,0.0,0.0,0.0,0.0,0.0,0.0,0.0,0.0,0.0,0.0,0.0,0.0,0.0,0.0,0.0,0.0,0.0,0.0,,,,,,,,,,,,,,,,,,,,0.0,0.0,0.000,0.000,0.0,0.0,0.000,0.000,0.0,0.0,0.000,0.000,0.0,0.0,0.000,0.000,0.0,0.0,0.000,0.000,0.0,0.0,0.000,0.000,0.0,0.0,0.000,0.000,0.0,0.0,0.000,0.000,0.0,0.0,0.000,0.000,0.0,0.0,0.000,0.000,0.0,0.0,0.000,0.000,0.0,0.0,0.000,0.000,0.0,0.0,0.000,0.000,0.0,0.0,0.000,0.000,0.0,0.0,0.000,0.000,0.0,0.0,0.000,0.000,0.0,0.0,0.000,0.000,0.0,0.0,0.000,0.000,,,,,,,,,,,,,,,,,,,,,,,,,,,,,,,,,,,,,,,,,,,,,,,,,,,,,,,,,,,,,,,,,,,,,,,,,
33,highway,11,12,"LINESTRING (-96.746842 43.544395, -96.780138 43.544205)",6.000000,3.729024,6.000000,-1,,network_wide,-1,0,-1,1,1.0,1.0,highway,highway,0.0,0.0,0.0,0.0,0.0,0.0,0.0,0.0,0.0,0.0,0.0,0.0,0.0,0.0,0.0,0.0,0.0,0.0,0.0,0.0,0.0,0.0,0.0,0.0,0.0,0.0,0.0,0.0,0.0,0.0,0.0,0.0,0.0,0.0,0.0,0.0,0.0,0.0,,,,,,,,,,,,,,,,,,,,0.0,0.0,0.000,0.000,0.0,0.0,0.000,0.000,0.0,0.0,0.000,0.000,0.0,0.0,0.000,0.000,0.0,0.0,0.000,0.000,0.0,0.0,0.000,0.000,0.0,0.0,0.000,0.000,0.0,0.0,0.000,0.000,0.0,0.0,0.000,0.000,0.0,0.0,0.000,0.000,0.0,0.0,0.000,0.000,0.0,0.0,0.000,0.000,0.0,0.0,0.000,0.000,0.0,0.0,0.000,0.000,0.0,0.0,0.000,0.000,0.0,0.0,0.000,0.000,0.0,0.0,0.000,0.000,0.0,0.0,0.000,0.000,,,,,,,,,,,,,,,,,,,,,,,,,,,,,,,,,,,,,,,,,,,,,,,,,,,,,,,,,,,,,,,,,,,,,,,,,
34,highway,11,14,"LINESTRING (-96.747096 43.544203, -96.751290 43.529378)",4.000000,2.486016,4.000000,-1,,network_wide,-1,0,-1,1,1.0,1.0,highway,highway,0.0,0.0,0.0,0.0,0.0,0.0,0.0,0.0,0.0,0.0,0.0,0.0,0.0,0.0,0.0,0.0,0.0,0.0,0.0,0.0,0.0,0.0,0.0,0.0,0.0,0.0,0.0,0.0,0.0,0.0,0.0,0.0,0.0,0.0,0.0,0.0,0.0,0.0,,,,,,,,,,,,,,,,,,,,0.0,0.0,0.000,0.000,0.0,0.0,0.000,0.000,0.0,0.0,0.000,0.000,0.0,0.0,0.000,0.000,0.0,0.0,0.000,0.000,0.0,0.0,0.000,0.000,0.0,0.0,0.000,0.000,0.0,0.0,0.000,0.000,0.0,0.0,0.000,0.000,0.0,0.0,0.000,0.000,0.0,0.0,0.000,0.000,0.0,0.0,0.000,0.000,0.0,0.0,0.000,0.000,0.0,0.0,0.000,0.000,0.0,0.0,0.000,0.000,0.0,0.0,0.000,0.000,0.0,0.0,0.000,0.000,0.0,0.0,0.000,0.000,,,,,,,,,,,,,,,,,,,,,,,,,,,,,,,,,,,,,,,,,,,,,,,,,,,,,,,,,,,,,,,,,,,,,,,,,
35,highway,12,3,"LINESTRING (-96.779877 43.543888, -96.774044 43.572909)",4.000000,2.486016,4.000000,-1,,network_wide,-1,0,-1,1,1.0,1.0,highway,highway,0.0,0.0,0.0,0.0,0.0,0.0,0.0,0.0,0.0,0.0,0.0,0.0,0.0,0.0,0.0,0.0,0.0,0.0,0.0,0.0,0.0,0.0,0.0,0.0,0.0,0.0,0.0,0.0,0.0,0.0,0.0,0.0,0.0,0.0,0.0,0.0,0.0,0.0,,,,,,,,,,,,,,,,,,,,0.0,0.0,0.000,0.000,0.0,0.0,0.000,0.000,0.0,0.0,0.000,0.000,0.0,0.0,0.000,0.000,0.0,0.0,0.000,0.000,0.0,0.0,0.000,0.000,0.0,0.0,0.000,0.000,0.0,0.0,0.000,0.000,0.0,0.0,0.000,0.000,0.0,0.0,0.000,0.000,0.0,0.0,0.000,0.000,0.0,0.0,0.000,0.000,0.0,0.0,0.000,0.000,0.0,0.0,0.000,0.000,0.0,0.0,0.000,0.000,0.0,0.0,0.000,0.000,0.0,0.0,0.000,0.000,0.0,0.0,0.000,0.000,,,,,,,,,,,,,,,,,,,,,,,,,,,,,,,,,,,,,,,,,,,,,,,,,,,,,,,,,,,,,,,,,,,,,,,,,
36,highway,12,11,"LINESTRING (-96.780135 43.543676, -96.746839 43.543866)",6.000000,3.729024,6.000000,-1,,network_wide,-1,0,-1,1,1.0,1.0,highway,highway,0.0,0.0,0.0,0.0,0.0,0.0,0.0,0.0,0.0,0.0,0.0,0.0,0.0,0.0,0.0,0.0,0.0,0.0,0.0,0.0,0.0,0.0,0.0,0.0,0.0,0.0,0.0,0.0,0.0,0.0,0.0,0.0,0.0,0.0,0.0,0.0,0.0,0.0,,,,,,,,,,,,,,,,,,,,0.0,0.0,0.000,0.000,0.0,0.0,0.000,0.000,0.0,0.0,0.000,0.000,0.0,0.0,0.000,0.000,0.0,0.0,0.000,0.000,0.0,0.0,0.000,0.000,0.0,0.0,0.000,0.000,0.0,0.0,0.000,0.000,0.0,0.0,0.000,0.000,0.0,0.0,0.000,0.000,0.0,0.0,0.000,0.000,0.0,0.0,0.000,0.000,0.0,0.0,0.000,0.000,0.0,0.0,0.000,0.000,0.0,0.0,0.000,0.000,0.0,0.0,0.000,0.000,0.0,0.0,0.000,0.000,0.0,0.0,0.000,0.000,,,,,,,,,,,,,,,,,,,,,,,,,,,,,,,,,,,,,,,,,,,,,,,,,,,,,,,,,,,,,,,,,,,,,,,,,
37,highway,12,13,"LINESTRING (-96.780394 43.544005, -96.793634 43.490771)",3.000000,1.864512,3.000000,-1,,network_wide,-1,0,-1,1,1.0,1.0,highway,highway,0.0,0.0,0.0,0.0,0.0,0.0,0.0,0.0,0.0,0.0,0.0,0.0,0.0,0.0,0.0,0.0,0.0,0.0,0.0,0.0,0.0,0.0,0.0,0.0,0.0,0.0,0.0,0.0,0.0,0.0,0.0,0.0,0.0,0.0,0.0,0.0,0.0,0.0,,,,,,,,,,,,,,,,,,,,0.0,0.0,0.000,0.000,0.0,0.0,0.000,0.000,0.0,0.0,0.000,0.000,0.0,0.0,0.000,0.000,0.0,0.0,0.000,0.000,0.0,0.0,0.000,0.000,0.0,0.0,0.000,0.000,0.0,0.0,0.000,0.000,0.0,0.0,0.000,0.000,0.0,0.0,0.000,0.000,0.0,0.0,0.000,0.000,0.0,0.0,0.000,0.000,0.0,0.0,0.000,0.000,0.0,0.0,0.000,0.000,0.0,0.0,0.000,0.000,0.0,0.0,0.000,0.000,0.0,0.0,0.000,0.000,0.0,0.0,0.000,0.000,,,,,,,,,,,,,,,,,,,,,,,,,,,,,,,,,,,,,,,,,,,,,,,,,,,,,,,,,,,,,,,,,,,,,,,,,
38,highway,13,12,"LINESTRING (-96.793120 43.490643, -96.779880 43.543877)",3.000000,1.864512,3.000000,-1,,network_wide,-1,0,-1,1,1.0,1.0,highway,highway,0.0,0.0,0.0,0.0,0.0,0.0,0.0,0.0,0.0,0.0,0.0,0.0,0.0,0.0,0.0,0.0,0.0,0.0,0.0,0.0,0.0,0.0,0.0,0.0,0.0,0.0,0.0,0.0,0.0,0.0,0.0,0.0,0.0,0.0,0.0,0.0,0.0,0.0,,,,,,,,,,,,,,,,,,,,0.0,0.0,0.000,0.000,0.0,0.0,0.000,0.000,0.0,0.0,0.000,0.000,0.0,0.0,0.000,0.000,0.0,0.0,0.000,0.000,0.0,0.0,0.000,0.000,0.0,0.0,0.000,0.000,0.0,0.0,0.000,0.000,0.0,0.0,0.000,0.000,0.0,0.0,0.000,0.000,0.0,0.0,0.000,0.000,0.0,0.0,0.000,0.000,0.0,0.0,0.000,0.000,0.0,0.0,0.000,0.000,0.0,0.0,0.000,0.000,0.0,0.0,0.000,0.000,0.0,0.0,0.000,0.000,0.0,0.0,0.000,0.000,,,,,,,,,,,,,,,,,,,,,,,,,,,,,,,,,,,,,,,,,,,,,,,,,,,,,,,,,,,,,,,,,,,,,,,,,
39,highway,13,24,"LINESTRING (-96.793305 43.490452, -96.749128 43.502909)",4.000000,2.486016,4.000000,-1,,network_wide,-1,0,-1,1,1.0,1.0,highway,highway,0.0,0.0,0.0,0.0,0.0,0.0,0.0,0.0,0.0,0.0,0.0,0.0,0.0,0.0,0.0,0.0,0.0,0.0,0.0,0.0,0.0,0.0,0.0,0.0,0.0,0.0,0.0,0.0,0.0,0.0,0.0,0.0,0.0,0.0,0.0,0.0,0.0,0.0,,,,,,,,,,,,,,,,,,,,0.0,0.0,0.000,0.000,0.0,0.0,0.000,0.000,0.0,0.0,0.000,0.000,0.0,0.0,0.000,0.000,0.0,0.0,0.000,0.000,0.0,0.0,0.000,0.000,0.0,0.0,0.000,0.000,0.0,0.0,0.000,0.000,0.0,0.0,0.000,0.000,0.0,0.0,0.000,0.000,0.0,0.0,0.000,0.000,0.0,0.0,0.000,0.000,0.0,0.0,0.000,0.000,0.0,0.0,0.000,0.000,0.0,0.0,0.000,0.000,0.0,0.0,0.000,0.000,0.0,0.0,0.000,0.000,0.0,0.0,0.000,0.000,,,,,,,,,,,,,,,,,,,,,,,,,,,,,,,,,,,,,,,,,,,,,,,,,,,,,,,,,,,,,,,,,,,,,,,,,
40,highway,14,11,"LINESTRING (-96.750781 43.529234, -96.746586 43.544059)",4.000000,2.486016,4.000000,-1,,network_wide,-1,0,-1,1,1.0,1.0,highway,highway,0.0,0.0,0.0,0.0,0.0,0.0,0.0,0.0,0.0,0.0,0.0,0.0,0.0,0.0,0.0,0.0,0.0,0.0,0.0,0.0,0.0,0.0,0.0,0.0,0.0,0.0,0.0,0.0,0.0,0.0,0.0,0.0,0.0,0.0,0.0,0.0,0.0,0.0,,,,,,,,,,,,,,,,,,,,0.0,0.0,0.000,0.000,0.0,0.0,0.000,0.000,0.0,0.0,0.000,0.000,0.0,0.0,0.000,0.000,0.0,0.0,0.000,0.000,0.0,0.0,0.000,0.000,0.0,0.0,0.000,0.000,0.0,0.0,0.000,0.000,0.0,0.0,0.000,0.000,0.0,0.0,0.000,0.000,0.0,0.0,0.000,0.000,0.0,0.0,0.000,0.000,0.0,0.0,0.000,0.000,0.0,0.0,0.000,0.000,0.0,0.0,0.000,0.000,0.0,0.0,0.000,0.000,0.0,0.0,0.000,0.000,0.0,0.0,0.000,0.000,,,,,,,,,,,,,,,,,,,,,,,,,,,,,,,,,,,,,,,,,,,,,,,,,,,,,,,,,,,,,,,,,,,,,,,,,
41,highway,14,15,"LINESTRING (-96.751034 43.529041, -96.731502 43.529136)",5.000000,3.107520,5.000000,-1,,network_wide,-1,0,-1,1,1.0,1.0,highway,highway,0.0,0.0,0.0,0.0,0.0,0.0,0.0,0.0,0.0,0.0,0.0,0.0,0.0,0.0,0.0,0.0,0.0,0.0,0.0,0.0,0.0,0.0,0.0,0.0,0.0,0.0,0.0,0.0,0.0,0.0,0.0,0.0,0.0,0.0,0.0,0.0,0.0,0.0,,,,,,,,,,,,,,,,,,,,0.0,0.0,0.000,0.000,0.0,0.0,0.000,0.000,0.0,0.0,0.000,0.000,0.0,0.0,0.000,0.000,0.0,0.0,0.000,0.000,0.0,0.0,0.000,0.000,0.0,0.0,0.000,0.000,0.0,0.0,0.000,0.000,0.0,0.0,0.000,0.000,0.0,0.0,0.000,0.000,0.0,0.0,0.000,0.000,0.0,0.0,0.000,0.000,0.0,0.0,0.000,0.000,0.0,0.0,0.000,0.000,0.0,0.0,0.000,0.000,0.0,0.0,0.000,0.000,0.0,0.0,0.000,0.000,0.0,0.0,0.000,0.000,,,,,,,,,,,,,,,,,,,,,,,,,,,,,,,,,,,,,,,,,,,,,,,,,,,,,,,,,,,,,,,,,,,,,,,,,
42,highway,14,23,"LINESTRING (-96.751300 43.529304, -96.751169 43.514856)",4.000000,2.486016,4.000000,-1,,network_wide,-1,0,-1,1,1.0,1.0,highway,highway,0.0,0.0,0.0,0.0,0.0,0.0,0.0,0.0,0.0,0.0,0.0,0.0,0.0,0.0,0.0,0.0,0.0,0.0,0.0,0.0,0.0,0.0,0.0,0.0,0.0,0.0,0.0,0.0,0.0,0.0,0.0,0.0,0.0,0.0,0.0,0.0,0.0,0.0,,,,,,,,,,,,,,,,,,,,0.0,0.0,0.000,0.000,0.0,0.0,0.000,0.000,0.0,0.0,0.000,0.000,0.0,0.0,0.000,0.000,0.0,0.0,0.000,0.000,0.0,0.0,0.000,0.000,0.0,0.0,0.000,0.000,0.0,0.0,0.000,0.000,0.0,0.0,0.000,0.000,0.0,0.0,0.000,0.000,0.0,0.0,0.000,0.000,0.0,0.0,0.000,0.000,0.0,0.0,0.000,0.000,0.0,0.0,0.000,0.000,0.0,0.0,0.000,0.000,0.0,0.0,0.000,0.000,0.0,0.0,0.000,0.000,0.0,0.0,0.000,0.000,,,,,,,,,,,,,,,,,,,,,,,,,,,,,,,,,,,,,,,,,,,,,,,,,,,,,,,,,,,,,,,,,,,,,,,,,
43,highway,15,10,"LINESTRING (-96.731239 43.529400, -96.731173 43.545270)",6.000000,3.729024,6.000000,-1,,network_wide,-1,0,-1,1,1.0,1.0,highway,highway,0.0,0.0,0.0,0.0,0.0,0.0,0.0,0.0,0.0,0.0,0.0,0.0,0.0,0.0,0.0,0.0,0.0,0.0,0.0,0.0,0.0,0.0,0.0,0.0,0.0,0.0,0.0,0.0,0.0,0.0,0.0,0.0,0.0,0.0,0.0,0.0,0.0,0.0,,,,,,,,,,,,,,,,,,,,0.0,0.0,0.000,0.000,0.0,0.0,0.000,0.000,0.0,0.0,0.000,0.000,0.0,0.0,0.000,0.000,0.0,0.0,0.000,0.000,0.0,0.0,0.000,0.000,0.0,0.0,0.000,0.000,0.0,0.0,0.000,0.000,0.0,0.0,0.000,0.000,0.0,0.0,0.000,0.000,0.0,0.0,0.000,0.000,0.0,0.0,0.000,0.000,0.0,0.0,0.000,0.000,0.0,0.0,0.000,0.000,0.0,0.0,0.000,0.000,0.0,0.0,0.000,0.000,0.0,0.0,0.000,0.000,0.0,0.0,0.000,0.000,,,,,,,,,,,,,,,,,,,,,,,,,,,,,,,,,,,,,,,,,,,,,,,,,,,,,,,,,,,,,,,,,,,,,,,,,
44,highway,15,14,"LINESTRING (-96.731505 43.529666, -96.751037 43.529571)",5.000000,3.107520,5.000000,-1,,network_wide,-1,0,-1,1,1.0,1.0,highway,highway,0.0,0.0,0.0,0.0,0.0,0.0,0.0,0.0,0.0,0.0,0.0,0.0,0.0,0.0,0.0,0.0,0.0,0.0,0.0,0.0,0.0,0.0,0.0,0.0,0.0,0.0,0.0,0.0,0.0,0.0,0.0,0.0,0.0,0.0,0.0,0.0,0.0,0.0,,,,,,,,,,,,,,,,,,,,0.0,0.0,0.000,0.000,0.0,0.0,0.000,0.000,0.0,0.0,0.000,0.000,0.0,0.0,0.000,0.000,0.0,0.0,0.000,0.000,0.0,0.0,0.000,0.000,0.0,0.0,0.000,0.000,0.0,0.0,0.000,0.000,0.0,0.0,0.000,0.000,0.0,0.0,0.000,0.000,0.0,0.0,0.000,0.000,0.0,0.0,0.000,0.000,0.0,0.0,0.000,0.000,0.0,0.0,0.000,0.000,0.0,0.0,0.000,0.000,0.0,0.0,0.000,0.000,0.0,0.0,0.000,0.000,0.0,0.0,0.000,0.000,,,,,,,,,,,,,,,,,,,,,,,,,,,,,,,,,,,,,,,,,,,,,,,,,,,,,,,,,,,,,,,,,,,,,,,,,
45,highway,15,19,"LINESTRING (-96.731501 43.529136, -96.711314 43.529326)",3.000000,1.864512,3.000000,-1,,network_wide,-1,0,-1,1,1.0,1.0,highway,highway,0.0,0.0,0.0,0.0,0.0,0.0,0.0,0.0,0.0,0.0,0.0,0.0,0.0,0.0,0.0,0.0,0.0,0.0,0.0,0.0,0.0,0.0,0.0,0.0,0.0,0.0,0.0,0.0,0.0,0.0,0.0,0.0,0.0,0.0,0.0,0.0,0.0,0.0,,,,,,,,,,,,,,,,,,,,0.0,0.0,0.000,0.000,0.0,0.0,0.000,0.000,0.0,0.0,0.000,0.000,0.0,0.0,0.000,0.000,0.0,0.0,0.000,0.000,0.0,0.0,0.000,0.000,0.0,0.0,0.000,0.000,0.0,0.0,0.000,0.000,0.0,0.0,0.000,0.000,0.0,0.0,0.000,0.000,0.0,0.0,0.000,0.000,0.0,0.0,0.000,0.000,0.0,0.0,0.000,0.000,0.0,0.0,0.000,0.000,0.0,0.0,0.000,0.000,0.0,0.0,0.000,0.000,0.0,0.0,0.000,0.000,0.0,0.0,0.000,0.000,,,,,,,,,,,,,,,,,,,,,,,,,,,,,,,,,,,,,,,,,,,,,,,,,,,,,,,,,,,,,,,,,,,,,,,,,
46,highway,15,22,"LINESTRING (-96.731768 43.529396, -96.731506 43.514853)",3.000000,1.864512,3.000000,-1,,network_wide,-1,0,-1,1,1.0,1.0,highway,highway,0.0,0.0,0.0,0.0,0.0,0.0,0.0,0.0,0.0,0.0,0.0,0.0,0.0,0.0,0.0,0.0,0.0,0.0,0.0,0.0,0.0,0.0,0.0,0.0,0.0,0.0,0.0,0.0,0.0,0.0,0.0,0.0,0.0,0.0,0.0,0.0,0.0,0.0,,,,,,,,,,,,,,,,,,,,0.0,0.0,0.000,0.000,0.0,0.0,0.000,0.000,0.0,0.0,0.000,0.000,0.0,0.0,0.000,0.000,0.0,0.0,0.000,0.000,0.0,0.0,0.000,0.000,0.0,0.0,0.000,0.000,0.0,0.0,0.000,0.000,0.0,0.0,0.000,0.000,0.0,0.0,0.000,0.000,0.0,0.0,0.000,0.000,0.0,0.0,0.000,0.000,0.0,0.0,0.000,0.000,0.0,0.0,0.000,0.000,0.0,0.0,0.000,0.000,0.0,0.0,0.000,0.000,0.0,0.0,0.000,0.000,0.0,0.0,0.000,0.000,,,,,,,,,,,,,,,,,,,,,,,,,,,,,,,,,,,,,,,,,,,,,,,,,,,,,,,,,,,,,,,,,,,,,,,,,
47,highway,16,8,"LINESTRING (-96.711117 43.546744, -96.711117 43.562324)",5.000000,3.107520,5.000000,-1,,network_wide,-1,0,-1,1,1.0,1.0,highway,highway,0.0,0.0,0.0,0.0,0.0,0.0,0.0,0.0,0.0,0.0,0.0,0.0,0.0,0.0,0.0,0.0,0.0,0.0,0.0,0.0,0.0,0.0,0.0,0.0,0.0,0.0,0.0,0.0,0.0,0.0,0.0,0.0,0.0,0.0,0.0,0.0,0.0,0.0,,,,,,,,,,,,,,,,,,,,0.0,0.0,0.000,0.000,0.0,0.0,0.000,0.000,0.0,0.0,0.000,0.000,0.0,0.0,0.000,0.000,0.0,0.0,0.000,0.000,0.0,0.0,0.000,0.000,0.0,0.0,0.000,0.000,0.0,0.0,0.000,0.000,0.0,0.0,0.000,0.000,0.0,0.0,0.000,0.000,0.0,0.0,0.000,0.000,0.0,0.0,0.000,0.000,0.0,0.0,0.000,0.000,0.0,0.0,0.000,0.000,0.0,0.0,0.000,0.000,0.0,0.0,0.000,0.000,0.0,0.0,0.000,0.000,0.0,0.0,0.000,0.000,,,,,,,,,,,,,,,,,,,,,,,,,,,,,,,,,,,,,,,,,,,,,,,,,,,,,,,,,,,,,,,,,,,,,,,,,
48,highway,16,10,"LINESTRING (-96.711401 43.547008, -96.731457 43.545535)",4.000000,2.486016,4.000000,-1,,network_wide,-1,0,-1,1,1.0,1.0,highway,highway,0.0,0.0,0.0,0.0,0.0,0.0,0.0,0.0,0.0,0.0,0.0,0.0,0.0,0.0,0.0,0.0,0.0,0.0,0.0,0.0,0.0,0.0,0.0,0.0,0.0,0.0,0.0,0.0,0.0,0.0,0.0,0.0,0.0,0.0,0.0,0.0,0.0,0.0,,,,,,,,,,,,,,,,,,,,0.0,0.0,0.000,0.000,0.0,0.0,0.000,0.000,0.0,0.0,0.000,0.000,0.0,0.0,0.000,0.000,0.0,0.0,0.000,0.000,0.0,0.0,0.000,0.000,0.0,0.0,0.000,0.000,0.0,0.0,0.000,0.000,0.0,0.0,0.000,0.000,0.0,0.0,0.000,0.000,0.0,0.0,0.000,0.000,0.0,0.0,0.000,0.000,0.0,0.0,0.000,0.000,0.0,0.0,0.000,0.000,0.0,0.0,0.000,0.000,0.0,0.0,0.000,0.000,0.0,0.0,0.000,0.000,0.0,0.0,0.000,0.000,,,,,,,,,,,,,,,,,,,,,,,,,,,,,,,,,,,,,,,,,,,,,,,,,,,,,,,,,,,,,,,,,,,,,,,,,
49,highway,16,17,"LINESTRING (-96.711647 43.546744, -96.711647 43.541280)",2.000000,1.243008,2.000000,-1,,network_wide,-1,0,-1,1,1.0,1.0,highway,highway,0.0,0.0,0.0,0.0,0.0,0.0,0.0,0.0,0.0,0.0,0.0,0.0,0.0,0.0,0.0,0.0,0.0,0.0,0.0,0.0,0.0,0.0,0.0,0.0,0.0,0.0,0.0,0.0,0.0,0.0,0.0,0.0,0.0,0.0,0.0,0.0,0.0,0.0,,,,,,,,,,,,,,,,,,,,0.0,0.0,0.000,0.000,0.0,0.0,0.000,0.000,0.0,0.0,0.000,0.000,0.0,0.0,0.000,0.000,0.0,0.0,0.000,0.000,0.0,0.0,0.000,0.000,0.0,0.0,0.000,0.000,0.0,0.0,0.000,0.000,0.0,0.0,0.000,0.000,0.0,0.0,0.000,0.000,0.0,0.0,0.000,0.000,0.0,0.0,0.000,0.000,0.0,0.0,0.000,0.000,0.0,0.0,0.000,0.000,0.0,0.0,0.000,0.000,0.0,0.0,0.000,0.000,0.0,0.0,0.000,0.000,0.0,0.0,0.000,0.000,,,,,,,,,,,,,,,,,,,,,,,,,,,,,,,,,,,,,,,,,,,,,,,,,,,,,,,,,,,,,,,,,,,,,,,,,
50,highway,16,18,"LINESTRING (-96.711382 43.546479, -96.694078 43.546479)",3.000000,1.864512,3.000000,-1,,network_wide,-1,0,-1,1,1.0,1.0,highway,highway,0.0,0.0,0.0,0.0,0.0,0.0,0.0,0.0,0.0,0.0,0.0,0.0,0.0,0.0,0.0,0.0,0.0,0.0,0.0,0.0,0.0,0.0,0.0,0.0,0.0,0.0,0.0,0.0,0.0,0.0,0.0,0.0,0.0,0.0,0.0,0.0,0.0,0.0,,,,,,,,,,,,,,,,,,,,0.0,0.0,0.000,0.000,0.0,0.0,0.000,0.000,0.0,0.0,0.000,0.000,0.0,0.0,0.000,0.000,0.0,0.0,0.000,0.000,0.0,0.0,0.000,0.000,0.0,0.0,0.000,0.000,0.0,0.0,0.000,0.000,0.0,0.0,0.000,0.000,0.0,0.0,0.000,0.000,0.0,0.0,0.000,0.000,0.0,0.0,0.000,0.000,0.0,0.0,0.000,0.000,0.0,0.0,0.000,0.000,0.0,0.0,0.000,0.000,0.0,0.0,0.000,0.000,0.0,0.0,0.000,0.000,0.0,0.0,0.000,0.000,,,,,,,,,,,,,,,,,,,,,,,,,,,,,,,,,,,,,,,,,,,,,,,,,,,,,,,,,,,,,,,,,,,,,,,,,
51,highway,17,10,"LINESTRING (-96.711330 43.541540, -96.731386 43.545531)",8.000000,4.972032,8.000000,-1,,network_wide,-1,0,-1,1,1.0,1.0,highway,highway,0.0,0.0,0.0,0.0,0.0,0.0,0.0,0.0,0.0,0.0,0.0,0.0,0.0,0.0,0.0,0.0,0.0,0.0,0.0,0.0,0.0,0.0,0.0,0.0,0.0,0.0,0.0,0.0,0.0,0.0,0.0,0.0,0.0,0.0,0.0,0.0,0.0,0.0,,,,,,,,,,,,,,,,,,,,0.0,0.0,0.000,0.000,0.0,0.0,0.000,0.000,0.0,0.0,0.000,0.000,0.0,0.0,0.000,0.000,0.0,0.0,0.000,0.000,0.0,0.0,0.000,0.000,0.0,0.0,0.000,0.000,0.0,0.0,0.000,0.000,0.0,0.0,0.000,0.000,0.0,0.0,0.000,0.000,0.0,0.0,0.000,0.000,0.0,0.0,0.000,0.000,0.0,0.0,0.000,0.000,0.0,0.0,0.000,0.000,0.0,0.0,0.000,0.000,0.0,0.0,0.000,0.000,0.0,0.0,0.000,0.000,0.0,0.0,0.000,0.000,,,,,,,,,,,,,,,,,,,,,,,,,,,,,,,,,,,,,,,,,,,,,,,,,,,,,,,,,,,,,,,,,,,,,,,,,
52,highway,17,16,"LINESTRING (-96.711117 43.541280, -96.711117 43.546744)",2.000000,1.243008,2.000000,-1,,network_wide,-1,0,-1,1,1.0,1.0,highway,highway,0.0,0.0,0.0,0.0,0.0,0.0,0.0,0.0,0.0,0.0,0.0,0.0,0.0,0.0,0.0,0.0,0.0,0.0,0.0,0.0,0.0,0.0,0.0,0.0,0.0,0.0,0.0,0.0,0.0,0.0,0.0,0.0,0.0,0.0,0.0,0.0,0.0,0.0,,,,,,,,,,,,,,,,,,,,0.0,0.0,0.000,0.000,0.0,0.0,0.000,0.000,0.0,0.0,0.000,0.000,0.0,0.0,0.000,0.000,0.0,0.0,0.000,0.000,0.0,0.0,0.000,0.000,0.0,0.0,0.000,0.000,0.0,0.0,0.000,0.000,0.0,0.0,0.000,0.000,0.0,0.0,0.000,0.000,0.0,0.0,0.000,0.000,0.0,0.0,0.000,0.000,0.0,0.0,0.000,0.000,0.0,0.0,0.000,0.000,0.0,0.0,0.000,0.000,0.0,0.0,0.000,0.000,0.0,0.0,0.000,0.000,0.0,0.0,0.000,0.000,,,,,,,,,,,,,,,,,,,,,,,,,,,,,,,,,,,,,,,,,,,,,,,,,,,,,,,,,,,,,,,,,,,,,,,,,
53,highway,17,19,"LINESTRING (-96.711647 43.541279, -96.711581 43.529590)",2.000000,1.243008,2.000000,-1,,network_wide,-1,0,-1,1,1.0,1.0,highway,highway,0.0,0.0,0.0,0.0,0.0,0.0,0.0,0.0,0.0,0.0,0.0,0.0,0.0,0.0,0.0,0.0,0.0,0.0,0.0,0.0,0.0,0.0,0.0,0.0,0.0,0.0,0.0,0.0,0.0,0.0,0.0,0.0,0.0,0.0,0.0,0.0,0.0,0.0,,,,,,,,,,,,,,,,,,,,0.0,0.0,0.000,0.000,0.0,0.0,0.000,0.000,0.0,0.0,0.000,0.000,0.0,0.0,0.000,0.000,0.0,0.0,0.000,0.000,0.0,0.0,0.000,0.000,0.0,0.0,0.000,0.000,0.0,0.0,0.000,0.000,0.0,0.0,0.000,0.000,0.0,0.0,0.000,0.000,0.0,0.0,0.000,0.000,0.0,0.0,0.000,0.000,0.0,0.0,0.000,0.000,0.0,0.0,0.000,0.000,0.0,0.0,0.000,0.000,0.0,0.0,0.000,0.000,0.0,0.0,0.000,0.000,0.0,0.0,0.000,0.000,,,,,,,,,,,,,,,,,,,,,,,,,,,,,,,,,,,,,,,,,,,,,,,,,,,,,,,,,,,,,,,,,,,,,,,,,
54,highway,18,7,"LINESTRING (-96.693814 43.546733, -96.693158 43.563833)",2.000000,1.243008,2.000000,-1,,network_wide,-1,0,-1,1,1.0,1.0,highway,highway,0.0,0.0,0.0,0.0,0.0,0.0,0.0,0.0,0.0,0.0,0.0,0.0,0.0,0.0,0.0,0.0,0.0,0.0,0.0,0.0,0.0,0.0,0.0,0.0,0.0,0.0,0.0,0.0,0.0,0.0,0.0,0.0,0.0,0.0,0.0,0.0,0.0,0.0,,,,,,,,,,,,,,,,,,,,0.0,0.0,0.000,0.000,0.0,0.0,0.000,0.000,0.0,0.0,0.000,0.000,0.0,0.0,0.000,0.000,0.0,0.0,0.000,0.000,0.0,0.0,0.000,0.000,0.0,0.0,0.000,0.000,0.0,0.0,0.000,0.000,0.0,0.0,0.000,0.000,0.0,0.0,0.000,0.000,0.0,0.0,0.000,0.000,0.0,0.0,0.000,0.000,0.0,0.0,0.000,0.000,0.0,0.0,0.000,0.000,0.0,0.0,0.000,0.000,0.0,0.0,0.000,0.000,0.0,0.0,0.000,0.000,0.0,0.0,0.000,0.000,,,,,,,,,,,,,,,,,,,,,,,,,,,,,,,,,,,,,,,,,,,,,,,,,,,,,,,,,,,,,,,,,,,,,,,,,
55,highway,18,16,"LINESTRING (-96.694078 43.547008, -96.711382 43.547008)",3.000000,1.864512,3.000000,-1,,network_wide,-1,0,-1,1,1.0,1.0,highway,highway,0.0,0.0,0.0,0.0,0.0,0.0,0.0,0.0,0.0,0.0,0.0,0.0,0.0,0.0,0.0,0.0,0.0,0.0,0.0,0.0,0.0,0.0,0.0,0.0,0.0,0.0,0.0,0.0,0.0,0.0,0.0,0.0,0.0,0.0,0.0,0.0,0.0,0.0,,,,,,,,,,,,,,,,,,,,0.0,0.0,0.000,0.000,0.0,0.0,0.000,0.000,0.0,0.0,0.000,0.000,0.0,0.0,0.000,0.000,0.0,0.0,0.000,0.000,0.0,0.0,0.000,0.000,0.0,0.0,0.000,0.000,0.0,0.0,0.000,0.000,0.0,0.0,0.000,0.000,0.0,0.0,0.000,0.000,0.0,0.0,0.000,0.000,0.0,0.0,0.000,0.000,0.0,0.0,0.000,0.000,0.0,0.0,0.000,0.000,0.0,0.0,0.000,0.000,0.0,0.0,0.000,0.000,0.0,0.0,0.000,0.000,0.0,0.0,0.000,0.000,,,,,,,,,,,,,,,,,,,,,,,,,,,,,,,,,,,,,,,,,,,,,,,,,,,,,,,,,,,,,,,,,,,,,,,,,
56,highway,18,20,"LINESTRING (-96.694311 43.546870, -96.711418 43.515460)",4.000000,2.486016,4.000000,-1,,network_wide,-1,0,-1,1,1.0,1.0,highway,highway,0.0,0.0,0.0,0.0,0.0,0.0,0.0,0.0,0.0,0.0,0.0,0.0,0.0,0.0,0.0,0.0,0.0,0.0,0.0,0.0,0.0,0.0,0.0,0.0,0.0,0.0,0.0,0.0,0.0,0.0,0.0,0.0,0.0,0.0,0.0,0.0,0.0,0.0,,,,,,,,,,,,,,,,,,,,0.0,0.0,0.000,0.000,0.0,0.0,0.000,0.000,0.0,0.0,0.000,0.000,0.0,0.0,0.000,0.000,0.0,0.0,0.000,0.000,0.0,0.0,0.000,0.000,0.0,0.0,0.000,0.000,0.0,0.0,0.000,0.000,0.0,0.0,0.000,0.000,0.0,0.0,0.000,0.000,0.0,0.0,0.000,0.000,0.0,0.0,0.000,0.000,0.0,0.0,0.000,0.000,0.0,0.0,0.000,0.000,0.0,0.0,0.000,0.000,0.0,0.0,0.000,0.000,0.0,0.0,0.000,0.000,0.0,0.0,0.000,0.000,,,,,,,,,,,,,,,,,,,,,,,,,,,,,,,,,,,,,,,,,,,,,,,,,,,,,,,,,,,,,,,,,,,,,,,,,
57,highway,19,15,"LINESTRING (-96.711319 43.529856, -96.731506 43.529666)",3.000000,1.864512,3.000000,-1,,network_wide,-1,0,-1,1,1.0,1.0,highway,highway,0.0,0.0,0.0,0.0,0.0,0.0,0.0,0.0,0.0,0.0,0.0,0.0,0.0,0.0,0.0,0.0,0.0,0.0,0.0,0.0,0.0,0.0,0.0,0.0,0.0,0.0,0.0,0.0,0.0,0.0,0.0,0.0,0.0,0.0,0.0,0.0,0.0,0.0,,,,,,,,,,,,,,,,,,,,0.0,0.0,0.000,0.000,0.0,0.0,0.000,0.000,0.0,0.0,0.000,0.000,0.0,0.0,0.000,0.000,0.0,0.0,0.000,0.000,0.0,0.0,0.000,0.000,0.0,0.0,0.000,0.000,0.0,0.0,0.000,0.000,0.0,0.0,0.000,0.000,0.0,0.0,0.000,0.000,0.0,0.0,0.000,0.000,0.0,0.0,0.000,0.000,0.0,0.0,0.000,0.000,0.0,0.0,0.000,0.000,0.0,0.0,0.000,0.000,0.0,0.0,0.000,0.000,0.0,0.0,0.000,0.000,0.0,0.0,0.000,0.000,,,,,,,,,,,,,,,,,,,,,,,,,,,,,,,,,,,,,,,,,,,,,,,,,,,,,,,,,,,,,,,,,,,,,,,,,
58,highway,19,17,"LINESTRING (-96.711051 43.529593, -96.711117 43.541282)",2.000000,1.243008,2.000000,-1,,network_wide,-1,0,-1,1,1.0,1.0,highway,highway,0.0,0.0,0.0,0.0,0.0,0.0,0.0,0.0,0.0,0.0,0.0,0.0,0.0,0.0,0.0,0.0,0.0,0.0,0.0,0.0,0.0,0.0,0.0,0.0,0.0,0.0,0.0,0.0,0.0,0.0,0.0,0.0,0.0,0.0,0.0,0.0,0.0,0.0,,,,,,,,,,,,,,,,,,,,0.0,0.0,0.000,0.000,0.0,0.0,0.000,0.000,0.0,0.0,0.000,0.000,0.0,0.0,0.000,0.000,0.0,0.0,0.000,0.000,0.0,0.0,0.000,0.000,0.0,0.0,0.000,0.000,0.0,0.0,0.000,0.000,0.0,0.0,0.000,0.000,0.0,0.0,0.000,0.000,0.0,0.0,0.000,0.000,0.0,0.0,0.000,0.000,0.0,0.0,0.000,0.000,0.0,0.0,0.000,0.000,0.0,0.0,0.000,0.000,0.0,0.0,0.000,0.000,0.0,0.0,0.000,0.000,0.0,0.0,0.000,0.000,,,,,,,,,,,,,,,,,,,,,,,,,,,,,,,,,,,,,,,,,,,,,,,,,,,,,,,,,,,,,,,,,,,,,,,,,
59,highway,19,20,"LINESTRING (-96.711581 43.529589, -96.711450 43.515331)",4.000000,2.486016,4.000000,-1,,network_wide,-1,0,-1,1,1.0,1.0,highway,highway,0.0,0.0,0.0,0.0,0.0,0.0,0.0,0.0,0.0,0.0,0.0,0.0,0.0,0.0,0.0,0.0,0.0,0.0,0.0,0.0,0.0,0.0,0.0,0.0,0.0,0.0,0.0,0.0,0.0,0.0,0.0,0.0,0.0,0.0,0.0,0.0,0.0,0.0,,,,,,,,,,,,,,,,,,,,0.0,0.0,0.000,0.000,0.0,0.0,0.000,0.000,0.0,0.0,0.000,0.000,0.0,0.0,0.000,0.000,0.0,0.0,0.000,0.000,0.0,0.0,0.000,0.000,0.0,0.0,0.000,0.000,0.0,0.0,0.000,0.000,0.0,0.0,0.000,0.000,0.0,0.0,0.000,0.000,0.0,0.0,0.000,0.000,0.0,0.0,0.000,0.000,0.0,0.0,0.000,0.000,0.0,0.0,0.000,0.000,0.0,0.0,0.000,0.000,0.0,0.0,0.000,0.000,0.0,0.0,0.000,0.000,0.0,0.0,0.000,0.000,,,,,,,,,,,,,,,,,,,,,,,,,,,,,,,,,,,,,,,,,,,,,,,,,,,,,,,,,,,,,,,,,,,,,,,,,
60,highway,20,18,"LINESTRING (-96.710953 43.515207, -96.693846 43.546617)",4.000000,2.486016,4.000000,-1,,network_wide,-1,0,-1,1,1.0,1.0,highway,highway,0.0,0.0,0.0,0.0,0.0,0.0,0.0,0.0,0.0,0.0,0.0,0.0,0.0,0.0,0.0,0.0,0.0,0.0,0.0,0.0,0.0,0.0,0.0,0.0,0.0,0.0,0.0,0.0,0.0,0.0,0.0,0.0,0.0,0.0,0.0,0.0,0.0,0.0,,,,,,,,,,,,,,,,,,,,0.0,0.0,0.000,0.000,0.0,0.0,0.000,0.000,0.0,0.0,0.000,0.000,0.0,0.0,0.000,0.000,0.0,0.0,0.000,0.000,0.0,0.0,0.000,0.000,0.0,0.0,0.000,0.000,0.0,0.0,0.000,0.000,0.0,0.0,0.000,0.000,0.0,0.0,0.000,0.000,0.0,0.0,0.000,0.000,0.0,0.0,0.000,0.000,0.0,0.0,0.000,0.000,0.0,0.0,0.000,0.000,0.0,0.0,0.000,0.000,0.0,0.0,0.000,0.000,0.0,0.0,0.000,0.000,0.0,0.0,0.000,0.000,,,,,,,,,,,,,,,,,,,,,,,,,,,,,,,,,,,,,,,,,,,,,,,,,,,,,,,,,,,,,,,,,,,,,,,,,
61,highway,20,19,"LINESTRING (-96.710920 43.515336, -96.711051 43.529594)",4.000000,2.486016,4.000000,-1,,network_wide,-1,0,-1,1,1.0,1.0,highway,highway,0.0,0.0,0.0,0.0,0.0,0.0,0.0,0.0,0.0,0.0,0.0,0.0,0.0,0.0,0.0,0.0,0.0,0.0,0.0,0.0,0.0,0.0,0.0,0.0,0.0,0.0,0.0,0.0,0.0,0.0,0.0,0.0,0.0,0.0,0.0,0.0,0.0,0.0,,,,,,,,,,,,,,,,,,,,0.0,0.0,0.000,0.000,0.0,0.0,0.000,0.000,0.0,0.0,0.000,0.000,0.0,0.0,0.000,0.000,0.0,0.0,0.000,0.000,0.0,0.0,0.000,0.000,0.0,0.0,0.000,0.000,0.0,0.0,0.000,0.000,0.0,0.0,0.000,0.000,0.0,0.0,0.000,0.000,0.0,0.0,0.000,0.000,0.0,0.0,0.000,0.000,0.0,0.0,0.000,0.000,0.0,0.0,0.000,0.000,0.0,0.0,0.000,0.000,0.0,0.0,0.000,0.000,0.0,0.0,0.000,0.000,0.0,0.0,0.000,0.000,,,,,,,,,,,,,,,,,,,,,,,,,,,,,,,,,,,,,,,,,,,,,,,,,,,,,,,,,,,,,,,,,,,,,,,,,
62,highway,20,21,"LINESTRING (-96.711248 43.515591, -96.731042 43.510742)",6.000000,3.729024,6.000000,-1,,network_wide,-1,0,-1,1,1.0,1.0,highway,highway,0.0,0.0,0.0,0.0,0.0,0.0,0.0,0.0,0.0,0.0,0.0,0.0,0.0,0.0,0.0,0.0,0.0,0.0,0.0,0.0,0.0,0.0,0.0,0.0,0.0,0.0,0.0,0.0,0.0,0.0,0.0,0.0,0.0,0.0,0.0,0.0,0.0,0.0,,,,,,,,,,,,,,,,,,,,0.0,0.0,0.000,0.000,0.0,0.0,0.000,0.000,0.0,0.0,0.000,0.000,0.0,0.0,0.000,0.000,0.0,0.0,0.000,0.000,0.0,0.0,0.000,0.000,0.0,0.0,0.000,0.000,0.0,0.0,0.000,0.000,0.0,0.0,0.000,0.000,0.0,0.0,0.000,0.000,0.0,0.0,0.000,0.000,0.0,0.0,0.000,0.000,0.0,0.0,0.000,0.000,0.0,0.0,0.000,0.000,0.0,0.0,0.000,0.000,0.0,0.0,0.000,0.000,0.0,0.0,0.000,0.000,0.0,0.0,0.000,0.000,,,,,,,,,,,,,,,,,,,,,,,,,,,,,,,,,,,,,,,,,,,,,,,,,,,,,,,,,,,,,,,,,,,,,,,,,
63,highway,20,22,"LINESTRING (-96.711191 43.515598, -96.731248 43.515123)",5.000000,3.107520,5.000000,-1,,network_wide,-1,0,-1,1,1.0,1.0,highway,highway,0.0,0.0,0.0,0.0,0.0,0.0,0.0,0.0,0.0,0.0,0.0,0.0,0.0,0.0,0.0,0.0,0.0,0.0,0.0,0.0,0.0,0.0,0.0,0.0,0.0,0.0,0.0,0.0,0.0,0.0,0.0,0.0,0.0,0.0,0.0,0.0,0.0,0.0,,,,,,,,,,,,,,,,,,,,0.0,0.0,0.000,0.000,0.0,0.0,0.000,0.000,0.0,0.0,0.000,0.000,0.0,0.0,0.000,0.000,0.0,0.0,0.000,0.000,0.0,0.0,0.000,0.000,0.0,0.0,0.000,0.000,0.0,0.0,0.000,0.000,0.0,0.0,0.000,0.000,0.0,0.0,0.000,0.000,0.0,0.0,0.000,0.000,0.0,0.0,0.000,0.000,0.0,0.0,0.000,0.000,0.0,0.0,0.000,0.000,0.0,0.0,0.000,0.000,0.0,0.0,0.000,0.000,0.0,0.0,0.000,0.000,0.0,0.0,0.000,0.000,,,,,,,,,,,,,,,,,,,,,,,,,,,,,,,,,,,,,,,,,,,,,,,,,,,,,,,,,,,,,,,,,,,,,,,,,
64,highway,21,20,"LINESTRING (-96.730916 43.510228, -96.711122 43.515076)",6.000000,3.729024,6.000000,-1,,network_wide,-1,0,-1,1,1.0,1.0,highway,highway,0.0,0.0,0.0,0.0,0.0,0.0,0.0,0.0,0.0,0.0,0.0,0.0,0.0,0.0,0.0,0.0,0.0,0.0,0.0,0.0,0.0,0.0,0.0,0.0,0.0,0.0,0.0,0.0,0.0,0.0,0.0,0.0,0.0,0.0,0.0,0.0,0.0,0.0,,,,,,,,,,,,,,,,,,,,0.0,0.0,0.000,0.000,0.0,0.0,0.000,0.000,0.0,0.0,0.000,0.000,0.0,0.0,0.000,0.000,0.0,0.0,0.000,0.000,0.0,0.0,0.000,0.000,0.0,0.0,0.000,0.000,0.0,0.0,0.000,0.000,0.0,0.0,0.000,0.000,0.0,0.0,0.000,0.000,0.0,0.0,0.000,0.000,0.0,0.0,0.000,0.000,0.0,0.0,0.000,0.000,0.0,0.0,0.000,0.000,0.0,0.0,0.000,0.000,0.0,0.0,0.000,0.000,0.0,0.0,0.000,0.000,0.0,0.0,0.000,0.000,,,,,,,,,,,,,,,,,,,,,,,,,,,,,,,,,,,,,,,,,,,,,,,,,,,,,,,,,,,,,,,,,,,,,,,,,
65,highway,21,22,"LINESTRING (-96.730715 43.510501, -96.730977 43.514874)",2.000000,1.243008,2.000000,-1,,network_wide,-1,0,-1,1,1.0,1.0,highway,highway,0.0,0.0,0.0,0.0,0.0,0.0,0.0,0.0,0.0,0.0,0.0,0.0,0.0,0.0,0.0,0.0,0.0,0.0,0.0,0.0,0.0,0.0,0.0,0.0,0.0,0.0,0.0,0.0,0.0,0.0,0.0,0.0,0.0,0.0,0.0,0.0,0.0,0.0,,,,,,,,,,,,,,,,,,,,0.0,0.0,0.000,0.000,0.0,0.0,0.000,0.000,0.0,0.0,0.000,0.000,0.0,0.0,0.000,0.000,0.0,0.0,0.000,0.000,0.0,0.0,0.000,0.000,0.0,0.0,0.000,0.000,0.0,0.0,0.000,0.000,0.0,0.0,0.000,0.000,0.0,0.0,0.000,0.000,0.0,0.0,0.000,0.000,0.0,0.0,0.000,0.000,0.0,0.0,0.000,0.000,0.0,0.0,0.000,0.000,0.0,0.0,0.000,0.000,0.0,0.0,0.000,0.000,0.0,0.0,0.000,0.000,0.0,0.0,0.000,0.000,,,,,,,,,,,,,,,,,,,,,,,,,,,,,,,,,,,,,,,,,,,,,,,,,,,,,,,,,,,,,,,,,,,,,,,,,
66,highway,21,24,"LINESTRING (-96.731078 43.510731, -96.749299 43.503410)",3.000000,1.864512,3.000000,-1,,network_wide,-1,0,-1,1,1.0,1.0,highway,highway,0.0,0.0,0.0,0.0,0.0,0.0,0.0,0.0,0.0,0.0,0.0,0.0,0.0,0.0,0.0,0.0,0.0,0.0,0.0,0.0,0.0,0.0,0.0,0.0,0.0,0.0,0.0,0.0,0.0,0.0,0.0,0.0,0.0,0.0,0.0,0.0,0.0,0.0,,,,,,,,,,,,,,,,,,,,0.0,0.0,0.000,0.000,0.0,0.0,0.000,0.000,0.0,0.0,0.000,0.000,0.0,0.0,0.000,0.000,0.0,0.0,0.000,0.000,0.0,0.0,0.000,0.000,0.0,0.0,0.000,0.000,0.0,0.0,0.000,0.000,0.0,0.0,0.000,0.000,0.0,0.0,0.000,0.000,0.0,0.0,0.000,0.000,0.0,0.0,0.000,0.000,0.0,0.0,0.000,0.000,0.0,0.0,0.000,0.000,0.0,0.0,0.000,0.000,0.0,0.0,0.000,0.000,0.0,0.0,0.000,0.000,0.0,0.0,0.000,0.000,,,,,,,,,,,,,,,,,,,,,,,,,,,,,,,,,,,,,,,,,,,,,,,,,,,,,,,,,,,,,,,,,,,,,,,,,
67,highway,22,15,"LINESTRING (-96.730977 43.514863, -96.731239 43.529406)",3.000000,1.864512,3.000000,-1,,network_wide,-1,0,-1,1,1.0,1.0,highway,highway,0.0,0.0,0.0,0.0,0.0,0.0,0.0,0.0,0.0,0.0,0.0,0.0,0.0,0.0,0.0,0.0,0.0,0.0,0.0,0.0,0.0,0.0,0.0,0.0,0.0,0.0,0.0,0.0,0.0,0.0,0.0,0.0,0.0,0.0,0.0,0.0,0.0,0.0,,,,,,,,,,,,,,,,,,,,0.0,0.0,0.000,0.000,0.0,0.0,0.000,0.000,0.0,0.0,0.000,0.000,0.0,0.0,0.000,0.000,0.0,0.0,0.000,0.000,0.0,0.0,0.000,0.000,0.0,0.0,0.000,0.000,0.0,0.0,0.000,0.000,0.0,0.0,0.000,0.000,0.0,0.0,0.000,0.000,0.0,0.0,0.000,0.000,0.0,0.0,0.000,0.000,0.0,0.0,0.000,0.000,0.0,0.0,0.000,0.000,0.0,0.0,0.000,0.000,0.0,0.0,0.000,0.000,0.0,0.0,0.000,0.000,0.0,0.0,0.000,0.000,,,,,,,,,,,,,,,,,,,,,,,,,,,,,,,,,,,,,,,,,,,,,,,,,,,,,,,,,,,,,,,,,,,,,,,,,
68,highway,22,20,"LINESTRING (-96.731235 43.514593, -96.711179 43.515069)",5.000000,3.107520,5.000000,-1,,network_wide,-1,0,-1,1,1.0,1.0,highway,highway,0.0,0.0,0.0,0.0,0.0,0.0,0.0,0.0,0.0,0.0,0.0,0.0,0.0,0.0,0.0,0.0,0.0,0.0,0.0,0.0,0.0,0.0,0.0,0.0,0.0,0.0,0.0,0.0,0.0,0.0,0.0,0.0,0.0,0.0,0.0,0.0,0.0,0.0,,,,,,,,,,,,,,,,,,,,0.0,0.0,0.000,0.000,0.0,0.0,0.000,0.000,0.0,0.0,0.000,0.000,0.0,0.0,0.000,0.000,0.0,0.0,0.000,0.000,0.0,0.0,0.000,0.000,0.0,0.0,0.000,0.000,0.0,0.0,0.000,0.000,0.0,0.0,0.000,0.000,0.0,0.0,0.000,0.000,0.0,0.0,0.000,0.000,0.0,0.0,0.000,0.000,0.0,0.0,0.000,0.000,0.0,0.0,0.000,0.000,0.0,0.0,0.000,0.000,0.0,0.0,0.000,0.000,0.0,0.0,0.000,0.000,0.0,0.0,0.000,0.000,,,,,,,,,,,,,,,,,,,,,,,,,,,,,,,,,,,,,,,,,,,,,,,,,,,,,,,,,,,,,,,,,,,,,,,,,
69,highway,22,21,"LINESTRING (-96.731506 43.514842, -96.731244 43.510469)",2.000000,1.243008,2.000000,-1,,network_wide,-1,0,-1,1,1.0,1.0,highway,highway,0.0,0.0,0.0,0.0,0.0,0.0,0.0,0.0,0.0,0.0,0.0,0.0,0.0,0.0,0.0,0.0,0.0,0.0,0.0,0.0,0.0,0.0,0.0,0.0,0.0,0.0,0.0,0.0,0.0,0.0,0.0,0.0,0.0,0.0,0.0,0.0,0.0,0.0,,,,,,,,,,,,,,,,,,,,0.0,0.0,0.000,0.000,0.0,0.0,0.000,0.000,0.0,0.0,0.000,0.000,0.0,0.0,0.000,0.000,0.0,0.0,0.000,0.000,0.0,0.0,0.000,0.000,0.0,0.0,0.000,0.000,0.0,0.0,0.000,0.000,0.0,0.0,0.000,0.000,0.0,0.0,0.000,0.000,0.0,0.0,0.000,0.000,0.0,0.0,0.000,0.000,0.0,0.0,0.000,0.000,0.0,0.0,0.000,0.000,0.0,0.0,0.000,0.000,0.0,0.0,0.000,0.000,0.0,0.0,0.000,0.000,0.0,0.0,0.000,0.000,,,,,,,,,,,,,,,,,,,,,,,,,,,,,,,,,,,,,,,,,,,,,,,,,,,,,,,,,,,,,,,,,,,,,,,,,
70,highway,22,23,"LINESTRING (-96.731241 43.515123, -96.750904 43.515123)",4.000000,2.486016,4.000000,-1,,network_wide,-1,0,-1,1,1.0,1.0,highway,highway,0.0,0.0,0.0,0.0,0.0,0.0,0.0,0.0,0.0,0.0,0.0,0.0,0.0,0.0,0.0,0.0,0.0,0.0,0.0,0.0,0.0,0.0,0.0,0.0,0.0,0.0,0.0,0.0,0.0,0.0,0.0,0.0,0.0,0.0,0.0,0.0,0.0,0.0,,,,,,,,,,,,,,,,,,,,0.0,0.0,0.000,0.000,0.0,0.0,0.000,0.000,0.0,0.0,0.000,0.000,0.0,0.0,0.000,0.000,0.0,0.0,0.000,0.000,0.0,0.0,0.000,0.000,0.0,0.0,0.000,0.000,0.0,0.0,0.000,0.000,0.0,0.0,0.000,0.000,0.0,0.0,0.000,0.000,0.0,0.0,0.000,0.000,0.0,0.0,0.000,0.000,0.0,0.0,0.000,0.000,0.0,0.0,0.000,0.000,0.0,0.0,0.000,0.000,0.0,0.0,0.000,0.000,0.0,0.0,0.000,0.000,0.0,0.0,0.000,0.000,,,,,,,,,,,,,,,,,,,,,,,,,,,,,,,,,,,,,,,,,,,,,,,,,,,,,,,,,,,,,,,,,,,,,,,,,
71,highway,23,14,"LINESTRING (-96.750640 43.514861, -96.750771 43.529309)",4.000000,2.486016,4.000000,-1,,network_wide,-1,0,-1,1,1.0,1.0,highway,highway,0.0,0.0,0.0,0.0,0.0,0.0,0.0,0.0,0.0,0.0,0.0,0.0,0.0,0.0,0.0,0.0,0.0,0.0,0.0,0.0,0.0,0.0,0.0,0.0,0.0,0.0,0.0,0.0,0.0,0.0,0.0,0.0,0.0,0.0,0.0,0.0,0.0,0.0,,,,,,,,,,,,,,,,,,,,0.0,0.0,0.000,0.000,0.0,0.0,0.000,0.000,0.0,0.0,0.000,0.000,0.0,0.0,0.000,0.000,0.0,0.0,0.000,0.000,0.0,0.0,0.000,0.000,0.0,0.0,0.000,0.000,0.0,0.0,0.000,0.000,0.0,0.0,0.000,0.000,0.0,0.0,0.000,0.000,0.0,0.0,0.000,0.000,0.0,0.0,0.000,0.000,0.0,0.0,0.000,0.000,0.0,0.0,0.000,0.000,0.0,0.0,0.000,0.000,0.0,0.0,0.000,0.000,0.0,0.0,0.000,0.000,0.0,0.0,0.000,0.000,,,,,,,,,,,,,,,,,,,,,,,,,,,,,,,,,,,,,,,,,,,,,,,,,,,,,,,,,,,,,,,,,,,,,,,,,
72,highway,23,22,"LINESTRING (-96.750904 43.514593, -96.731241 43.514593)",4.000000,2.486016,4.000000,-1,,network_wide,-1,0,-1,1,1.0,1.0,highway,highway,0.0,0.0,0.0,0.0,0.0,0.0,0.0,0.0,0.0,0.0,0.0,0.0,0.0,0.0,0.0,0.0,0.0,0.0,0.0,0.0,0.0,0.0,0.0,0.0,0.0,0.0,0.0,0.0,0.0,0.0,0.0,0.0,0.0,0.0,0.0,0.0,0.0,0.0,,,,,,,,,,,,,,,,,,,,0.0,0.0,0.000,0.000,0.0,0.0,0.000,0.000,0.0,0.0,0.000,0.000,0.0,0.0,0.000,0.000,0.0,0.0,0.000,0.000,0.0,0.0,0.000,0.000,0.0,0.0,0.000,0.000,0.0,0.0,0.000,0.000,0.0,0.0,0.000,0.000,0.0,0.0,0.000,0.000,0.0,0.0,0.000,0.000,0.0,0.0,0.000,0.000,0.0,0.0,0.000,0.000,0.0,0.0,0.000,0.000,0.0,0.0,0.000,0.000,0.0,0.0,0.000,0.000,0.0,0.0,0.000,0.000,0.0,0.0,0.000,0.000,,,,,,,,,,,,,,,,,,,,,,,,,,,,,,,,,,,,,,,,,,,,,,,,,,,,,,,,,,,,,,,,,,,,,,,,,
73,highway,23,24,"LINESTRING (-96.751166 43.514820, -96.749462 43.503126)",2.000000,1.243008,2.000000,-1,,network_wide,-1,0,-1,1,1.0,1.0,highway,highway,0.0,0.0,0.0,0.0,0.0,0.0,0.0,0.0,0.0,0.0,0.0,0.0,0.0,0.0,0.0,0.0,0.0,0.0,0.0,0.0,0.0,0.0,0.0,0.0,0.0,0.0,0.0,0.0,0.0,0.0,0.0,0.0,0.0,0.0,0.0,0.0,0.0,0.0,,,,,,,,,,,,,,,,,,,,0.0,0.0,0.000,0.000,0.0,0.0,0.000,0.000,0.0,0.0,0.000,0.000,0.0,0.0,0.000,0.000,0.0,0.0,0.000,0.000,0.0,0.0,0.000,0.000,0.0,0.0,0.000,0.000,0.0,0.0,0.000,0.000,0.0,0.0,0.000,0.000,0.0,0.0,0.000,0.000,0.0,0.0,0.000,0.000,0.0,0.0,0.000,0.000,0.0,0.0,0.000,0.000,0.0,0.0,0.000,0.000,0.0,0.0,0.000,0.000,0.0,0.0,0.000,0.000,0.0,0.0,0.000,0.000,0.0,0.0,0.000,0.000,,,,,,,,,,,,,,,,,,,,,,,,,,,,,,,,,,,,,,,,,,,,,,,,,,,,,,,,,,,,,,,,,,,,,,,,,
74,highway,24,13,"LINESTRING (-96.749272 43.503419, -96.793448 43.490962)",4.000000,2.486016,4.000000,-1,,network_wide,-1,0,-1,1,1.0,1.0,highway,highway,0.0,0.0,0.0,0.0,0.0,0.0,0.0,0.0,0.0,0.0,0.0,0.0,0.0,0.0,0.0,0.0,0.0,0.0,0.0,0.0,0.0,0.0,0.0,0.0,0.0,0.0,0.0,0.0,0.0,0.0,0.0,0.0,0.0,0.0,0.0,0.0,0.0,0.0,,,,,,,,,,,,,,,,,,,,0.0,0.0,0.000,0.000,0.0,0.0,0.000,0.000,0.0,0.0,0.000,0.000,0.0,0.0,0.000,0.000,0.0,0.0,0.000,0.000,0.0,0.0,0.000,0.000,0.0,0.0,0.000,0.000,0.0,0.0,0.000,0.000,0.0,0.0,0.000,0.000,0.0,0.0,0.000,0.000,0.0,0.0,0.000,0.000,0.0,0.0,0.000,0.000,0.0,0.0,0.000,0.000,0.0,0.0,0.000,0.000,0.0,0.0,0.000,0.000,0.0,0.0,0.000,0.000,0.0,0.0,0.000,0.000,0.0,0.0,0.000,0.000,,,,,,,,,,,,,,,,,,,,,,,,,,,,,,,,,,,,,,,,,,,,,,,,,,,,,,,,,,,,,,,,,,,,,,,,,
75,highway,24,21,"LINESTRING (-96.749102 43.502919, -96.730880 43.510239)",3.000000,1.864512,3.000000,-1,,network_wide,-1,0,-1,1,1.0,1.0,highway,highway,0.0,0.0,0.0,0.0,0.0,0.0,0.0,0.0,0.0,0.0,0.0,0.0,0.0,0.0,0.0,0.0,0.0,0.0,0.0,0.0,0.0,0.0,0.0,0.0,0.0,0.0,0.0,0.0,0.0,0.0,0.0,0.0,0.0,0.0,0.0,0.0,0.0,0.0,,,,,,,,,,,,,,,,,,,,0.0,0.0,0.000,0.000,0.0,0.0,0.000,0.000,0.0,0.0,0.000,0.000,0.0,0.0,0.000,0.000,0.0,0.0,0.000,0.000,0.0,0.0,0.000,0.000,0.0,0.0,0.000,0.000,0.0,0.0,0.000,0.000,0.0,0.0,0.000,0.000,0.0,0.0,0.000,0.000,0.0,0.0,0.000,0.000,0.0,0.0,0.000,0.000,0.0,0.0,0.000,0.000,0.0,0.0,0.000,0.000,0.0,0.0,0.000,0.000,0.0,0.0,0.000,0.000,0.0,0.0,0.000,0.000,0.0,0.0,0.000,0.000,,,,,,,,,,,,,,,,,,,,,,,,,,,,,,,,,,,,,,,,,,,,,,,,,,,,,,,,,,,,,,,,,,,,,,,,,
76,highway,24,23,"LINESTRING (-96.748938 43.503202, -96.750642 43.514896)",2.000000,1.243008,2.000000,-1,,network_wide,-1,0,-1,1,1.0,1.0,highway,highway,0.0,0.0,0.0,0.0,0.0,0.0,0.0,0.0,0.0,0.0,0.0,0.0,0.0,0.0,0.0,0.0,0.0,0.0,0.0,0.0,0.0,0.0,0.0,0.0,0.0,0.0,0.0,0.0,0.0,0.0,0.0,0.0,0.0,0.0,0.0,0.0,0.0,0.0,,,,,,,,,,,,,,,,,,,,0.0,0.0,0.000,0.000,0.0,0.0,0.000,0.000,0.0,0.0,0.000,0.000,0.0,0.0,0.000,0.000,0.0,0.0,0.000,0.000,0.0,0.0,0.000,0.000,0.0,0.0,0.000,0.000,0.0,0.0,0.000,0.000,0.0,0.0,0.000,0.000,0.0,0.0,0.000,0.000,0.0,0.0,0.000,0.000,0.0,0.0,0.000,0.000,0.0,0.0,0.000,0.000,0.0,0.0,0.000,0.000,0.0,0.0,0.000,0.000,0.0,0.0,0.000,0.000,0.0,0.0,0.000,0.000,0.0,0.0,0.000,0.000,,,,,,,,,,,,,,,,,,,,,,,,,,,,,,,,,,,,,,,,,,,,,,,,,,,,,,,,,,,,,,,,,,,,,,,,,
